"stratum","count_year","number_circles","total_count","total_obs_hours","stratum_area","circle_detection_ratio"
"CA-AB-BCR-06",1975,1,2,39,444799,0.143
"CA-AB-BCR-06",1976,1,2,26.5,444799,0.143
"CA-AB-BCR-06",1977,1,4,83.8,444799,0.143
"CA-AB-BCR-06",1978,1,2,151.5,444799,0.143
"CA-AB-BCR-06",1979,1,0,88.1,444799,0.143
"CA-AB-BCR-06",1980,1,4,91.6,444799,0.143
"CA-AB-BCR-06",1981,2,7,112.9,444799,0.143
"CA-AB-BCR-06",1982,2,7,116.1,444799,0.143
"CA-AB-BCR-06",1983,2,4,157.4,444799,0.143
"CA-AB-BCR-06",1984,2,9,171.1,444799,0.143
"CA-AB-BCR-06",1985,2,5,95.8,444799,0.143
"CA-AB-BCR-06",1986,2,5,189.3,444799,0.143
"CA-AB-BCR-06",1987,2,6,272.4,444799,0.143
"CA-AB-BCR-06",1988,2,7,283,444799,0.143
"CA-AB-BCR-06",1989,2,14,259.8,444799,0.143
"CA-AB-BCR-06",1990,2,7,270.3,444799,0.143
"CA-AB-BCR-06",1991,2,7,162.5,444799,0.143
"CA-AB-BCR-06",1992,3,7,329.8,444799,0.143
"CA-AB-BCR-06",1993,5,11,269.7,444799,0.143
"CA-AB-BCR-06",1994,3,14,309.7,444799,0.143
"CA-AB-BCR-06",1995,3,24,366.6,444799,0.143
"CA-AB-BCR-06",1996,4,24,441.2,444799,0.143
"CA-AB-BCR-06",1997,3,5,287.9,444799,0.143
"CA-AB-BCR-06",1998,4,20,461.3,444799,0.143
"CA-AB-BCR-06",1999,3,18,274,444799,0.143
"CA-AB-BCR-06",2000,4,15,372.5,444799,0.143
"CA-AB-BCR-06",2001,5,22,387.78,444799,0.143
"CA-AB-BCR-06",2002,5,23,352.5,444799,0.143
"CA-AB-BCR-06",2003,5,19,422.75,444799,0.143
"CA-AB-BCR-06",2004,5,15,307,444799,0.143
"CA-AB-BCR-06",2005,4,12,281.25,444799,0.143
"CA-AB-BCR-06",2006,4,12,291.75,444799,0.143
"CA-AB-BCR-06",2007,4,19,270.25,444799,0.143
"CA-AB-BCR-06",2008,4,15,326.5,444799,0.143
"CA-AB-BCR-06",2009,4,11,270,444799,0.143
"CA-AB-BCR-06",2010,4,12,291.75,444799,0.143
"CA-AB-BCR-06",2011,4,6,217.5,444799,0.143
"CA-AB-BCR-06",2012,4,8,248.25,444799,0.143
"CA-AB-BCR-06",2013,4,7,231.25,444799,0.143
"CA-AB-BCR-06",2014,4,5,231.25,444799,0.143
"CA-AB-BCR-06",2015,4,6,219.67,444799,0.143
"CA-AB-BCR-06",2016,4,12,227.38,444799,0.143
"CA-AB-BCR-06",2017,4,5,215.33,444799,0.143
"CA-AB-BCR-06",2018,4,6,239.91,444799,0.143
"CA-AB-BCR-06",2019,4,10,257.65,444799,0.143
"CA-AB-BCR-06",2020,4,7,240.87,444799,0.143
"CA-AB-BCR-06",2021,4,8,201.4,444799,0.143
"CA-AB-BCR-10",1976,2,21,116,47215,1
"CA-AB-BCR-10",1977,2,39,121.5,47215,1
"CA-AB-BCR-10",1978,2,54,123.5,47215,1
"CA-AB-BCR-10",1979,3,54,139.5,47215,1
"CA-AB-BCR-10",1980,3,45,160,47215,1
"CA-AB-BCR-10",1981,2,16,118.5,47215,1
"CA-AB-BCR-10",1982,2,34,128,47215,1
"CA-AB-BCR-10",1983,3,42,165.5,47215,1
"CA-AB-BCR-10",1984,3,36,136.5,47215,1
"CA-AB-BCR-10",1985,2,25,82.5,47215,1
"CA-AB-BCR-10",1986,2,26,96,47215,1
"CA-AB-BCR-10",1987,3,31,115,47215,1
"CA-AB-BCR-10",1988,3,40,117.5,47215,1
"CA-AB-BCR-10",1989,3,46,108,47215,1
"CA-AB-BCR-10",1990,3,45,106,47215,1
"CA-AB-BCR-10",1991,2,56,88.5,47215,1
"CA-AB-BCR-10",1992,3,49,140.5,47215,1
"CA-AB-BCR-10",1993,3,64,163,47215,1
"CA-AB-BCR-10",1994,3,64,129.5,47215,1
"CA-AB-BCR-10",1995,2,39,117,47215,1
"CA-AB-BCR-10",1996,3,16,157.5,47215,1
"CA-AB-BCR-10",1997,2,11,106.5,47215,1
"CA-AB-BCR-10",1998,2,34,137.8,47215,1
"CA-AB-BCR-10",1999,3,34,165,47215,1
"CA-AB-BCR-10",2000,3,22,117,47215,1
"CA-AB-BCR-10",2001,5,40,207,47215,1
"CA-AB-BCR-10",2002,5,58,228.75,47215,1
"CA-AB-BCR-10",2003,5,49,284.25,47215,1
"CA-AB-BCR-10",2004,5,44,204.25,47215,1
"CA-AB-BCR-10",2005,4,15,172.5,47215,1
"CA-AB-BCR-10",2006,6,30,269.5,47215,1
"CA-AB-BCR-10",2007,6,27,242.5,47215,1
"CA-AB-BCR-10",2008,5,30,274.5,47215,1
"CA-AB-BCR-10",2009,3,15,119,47215,1
"CA-AB-BCR-10",2010,4,39,186.5,47215,1
"CA-AB-BCR-10",2011,4,26,213,47215,1
"CA-AB-BCR-10",2012,5,49,245.25,47215,1
"CA-AB-BCR-10",2013,6,85,249.5,47215,1
"CA-AB-BCR-10",2014,5,56,200.6,47215,1
"CA-AB-BCR-10",2015,5,29,154.25,47215,1
"CA-AB-BCR-10",2016,4,70,193.2,47215,1
"CA-AB-BCR-10",2017,5,104,209.45,47215,1
"CA-AB-BCR-10",2018,5,80,240.28,47215,1
"CA-AB-BCR-10",2019,5,84,302.98,47215,1
"CA-AB-BCR-10",2020,4,58,197.4,47215,1
"CA-AB-BCR-10",2021,4,25,244.4,47215,1
"CA-AB-BCR-11",1966,1,0,43,156520,0.068
"CA-AB-BCR-11",1967,1,0,48,156520,0.068
"CA-AB-BCR-11",1968,1,0,49,156520,0.068
"CA-AB-BCR-11",1969,1,0,35,156520,0.068
"CA-AB-BCR-11",1970,1,0,54,156520,0.068
"CA-AB-BCR-11",1971,1,0,31,156520,0.068
"CA-AB-BCR-11",1972,1,0,38,156520,0.068
"CA-AB-BCR-11",1973,1,2,68,156520,0.068
"CA-AB-BCR-11",1974,1,0,78,156520,0.068
"CA-AB-BCR-11",1975,1,3,75,156520,0.068
"CA-AB-BCR-11",1976,1,6,91,156520,0.068
"CA-AB-BCR-11",1977,1,4,120,156520,0.068
"CA-AB-BCR-11",1978,1,4,137,156520,0.068
"CA-AB-BCR-11",1979,1,1,120,156520,0.068
"CA-AB-BCR-11",1980,1,2,94,156520,0.068
"CA-AB-BCR-11",1981,1,0,102,156520,0.068
"CA-AB-BCR-11",1982,1,1,98,156520,0.068
"CA-AB-BCR-11",1983,1,0,128,156520,0.068
"CA-AB-BCR-11",1984,1,3,119,156520,0.068
"CA-AB-BCR-11",1985,1,0,137,156520,0.068
"CA-AB-BCR-11",1986,1,4,183,156520,0.068
"CA-AB-BCR-11",1987,1,1,146,156520,0.068
"CA-AB-BCR-11",1988,1,2,165,156520,0.068
"CA-AB-BCR-11",1989,1,4,209,156520,0.068
"CA-AB-BCR-11",1990,1,2,184,156520,0.068
"CA-AB-BCR-11",1991,1,1,205,156520,0.068
"CA-AB-BCR-11",1992,1,3,220,156520,0.068
"CA-AB-BCR-11",1993,1,5,200,156520,0.068
"CA-AB-BCR-11",1994,1,5,208,156520,0.068
"CA-AB-BCR-11",1995,1,7,189,156520,0.068
"CA-AB-BCR-11",1996,1,4,195,156520,0.068
"CA-AB-BCR-11",1997,2,5,254,156520,0.068
"CA-AB-BCR-11",1998,2,4,313,156520,0.068
"CA-AB-BCR-11",1999,2,2,289.75,156520,0.068
"CA-AB-BCR-11",2000,2,2,277.75,156520,0.068
"CA-AB-BCR-11",2001,2,4,274,156520,0.068
"CA-AB-BCR-11",2002,2,1,258.5,156520,0.068
"CA-AB-BCR-11",2003,2,2,287.25,156520,0.068
"CA-AB-BCR-11",2004,3,4,323.75,156520,0.068
"CA-AB-BCR-11",2005,3,0,320,156520,0.068
"CA-AB-BCR-11",2006,3,4,353.5,156520,0.068
"CA-AB-BCR-11",2007,3,6,372,156520,0.068
"CA-AB-BCR-11",2008,3,4,355.25,156520,0.068
"CA-AB-BCR-11",2009,2,0,234.5,156520,0.068
"CA-AB-BCR-11",2010,2,4,295.25,156520,0.068
"CA-AB-BCR-11",2011,3,4,332.5,156520,0.068
"CA-AB-BCR-11",2012,3,2,364.5,156520,0.068
"CA-AB-BCR-11",2013,3,3,350.25,156520,0.068
"CA-AB-BCR-11",2014,3,2,379.75,156520,0.068
"CA-AB-BCR-11",2015,3,1,385.5,156520,0.068
"CA-AB-BCR-11",2016,3,7,376.35,156520,0.068
"CA-AB-BCR-11",2017,2,3,339.5,156520,0.068
"CA-AB-BCR-11",2018,2,1,300.25,156520,0.068
"CA-AB-BCR-11",2019,1,1,237.75,156520,0.068
"CA-AB-BCR-11",2020,3,3,331.95,156520,0.068
"CA-AB-BCR-11",2021,3,2,628.87,156520,0.068
"CA-BC-BCR-05",1966,5,5,203,202647,0.75
"CA-BC-BCR-05",1967,5,7,347,202647,0.75
"CA-BC-BCR-05",1968,4,4,331,202647,0.75
"CA-BC-BCR-05",1969,5,0,339,202647,0.75
"CA-BC-BCR-05",1970,4,8,449,202647,0.75
"CA-BC-BCR-05",1971,6,10,704,202647,0.75
"CA-BC-BCR-05",1972,7,10,648,202647,0.75
"CA-BC-BCR-05",1973,10,7,761,202647,0.75
"CA-BC-BCR-05",1974,12,16,1048,202647,0.75
"CA-BC-BCR-05",1975,13,15,968,202647,0.75
"CA-BC-BCR-05",1976,13,23,1173.4,202647,0.75
"CA-BC-BCR-05",1977,12,25,1186.9,202647,0.75
"CA-BC-BCR-05",1978,13,43,1270.9,202647,0.75
"CA-BC-BCR-05",1979,14,53,1271.6,202647,0.75
"CA-BC-BCR-05",1980,15,26,1315.4,202647,0.75
"CA-BC-BCR-05",1981,16,48,1420,202647,0.75
"CA-BC-BCR-05",1982,17,41,1353.1,202647,0.75
"CA-BC-BCR-05",1983,18,56,1441.2,202647,0.75
"CA-BC-BCR-05",1984,19,95,1638.5,202647,0.75
"CA-BC-BCR-05",1985,20,121,1632.3,202647,0.75
"CA-BC-BCR-05",1986,16,62,1616.4,202647,0.75
"CA-BC-BCR-05",1987,21,61,1639.7,202647,0.75
"CA-BC-BCR-05",1988,19,97,1702.5,202647,0.75
"CA-BC-BCR-05",1989,19,63,1742.5,202647,0.75
"CA-BC-BCR-05",1990,20,69,1791.8,202647,0.75
"CA-BC-BCR-05",1991,20,82,1731,202647,0.75
"CA-BC-BCR-05",1992,24,72,2301.5,202647,0.75
"CA-BC-BCR-05",1993,24,48,1942.4,202647,0.75
"CA-BC-BCR-05",1994,25,91,2314.7,202647,0.75
"CA-BC-BCR-05",1995,25,111,2525.1,202647,0.75
"CA-BC-BCR-05",1996,26,94,2413.8,202647,0.75
"CA-BC-BCR-05",1997,23,100,2263.7,202647,0.75
"CA-BC-BCR-05",1998,24,77,2516.6,202647,0.75
"CA-BC-BCR-05",1999,23,136,2106.65,202647,0.75
"CA-BC-BCR-05",2000,25,101,2554.8,202647,0.75
"CA-BC-BCR-05",2001,26,136,2294.5,202647,0.75
"CA-BC-BCR-05",2002,29,195,2937.3,202647,0.75
"CA-BC-BCR-05",2003,29,208,2668.05,202647,0.75
"CA-BC-BCR-05",2004,29,264,2811.75,202647,0.75
"CA-BC-BCR-05",2005,29,129,3035.25,202647,0.75
"CA-BC-BCR-05",2006,29,173,3043,202647,0.75
"CA-BC-BCR-05",2007,31,263,2930.95,202647,0.75
"CA-BC-BCR-05",2008,30,110,2796.25,202647,0.75
"CA-BC-BCR-05",2009,26,129,2063.25,202647,0.75
"CA-BC-BCR-05",2010,30,184,2887.75,202647,0.75
"CA-BC-BCR-05",2011,30,177,2857.5,202647,0.75
"CA-BC-BCR-05",2012,30,198,2709.62,202647,0.75
"CA-BC-BCR-05",2013,28,179,2681.91,202647,0.75
"CA-BC-BCR-05",2014,29,173,2960.6,202647,0.75
"CA-BC-BCR-05",2015,32,150,3153.44,202647,0.75
"CA-BC-BCR-05",2016,31,146,3099.21,202647,0.75
"CA-BC-BCR-05",2017,32,149,3060.49,202647,0.75
"CA-BC-BCR-05",2018,31,182,3005.31,202647,0.75
"CA-BC-BCR-05",2019,31,103,2916.2,202647,0.75
"CA-BC-BCR-05",2020,30,134,2829.12,202647,0.75
"CA-BC-BCR-05",2021,31,105,2867.27,202647,0.75
"CA-BC-BCR-09",1973,1,3,8.5,60503,1
"CA-BC-BCR-09",1974,1,3,19,60503,1
"CA-BC-BCR-09",1975,3,15,102,60503,1
"CA-BC-BCR-09",1976,4,35,204,60503,1
"CA-BC-BCR-09",1977,4,29,222,60503,1
"CA-BC-BCR-09",1978,3,68,105,60503,1
"CA-BC-BCR-09",1979,4,36,217,60503,1
"CA-BC-BCR-09",1980,4,41,183.5,60503,1
"CA-BC-BCR-09",1981,5,30,305,60503,1
"CA-BC-BCR-09",1982,6,39,397.5,60503,1
"CA-BC-BCR-09",1983,5,44,330.5,60503,1
"CA-BC-BCR-09",1984,5,60,366.5,60503,1
"CA-BC-BCR-09",1985,6,59,489,60503,1
"CA-BC-BCR-09",1986,6,38,364,60503,1
"CA-BC-BCR-09",1987,7,62,606.5,60503,1
"CA-BC-BCR-09",1988,7,61,692,60503,1
"CA-BC-BCR-09",1989,8,34,705,60503,1
"CA-BC-BCR-09",1990,8,25,739,60503,1
"CA-BC-BCR-09",1991,8,40,575,60503,1
"CA-BC-BCR-09",1992,8,32,647.6,60503,1
"CA-BC-BCR-09",1993,9,71,733.6,60503,1
"CA-BC-BCR-09",1994,8,42,706.3,60503,1
"CA-BC-BCR-09",1995,9,87,803.8,60503,1
"CA-BC-BCR-09",1996,10,57,737.5,60503,1
"CA-BC-BCR-09",1997,10,53,594.3,60503,1
"CA-BC-BCR-09",1998,10,26,901.3,60503,1
"CA-BC-BCR-09",1999,9,62,772.75,60503,1
"CA-BC-BCR-09",2000,9,50,803.5,60503,1
"CA-BC-BCR-09",2001,11,172,771.15,60503,1
"CA-BC-BCR-09",2002,12,207,933,60503,1
"CA-BC-BCR-09",2003,14,247,968.75,60503,1
"CA-BC-BCR-09",2004,15,257,1029.25,60503,1
"CA-BC-BCR-09",2005,15,75,980,60503,1
"CA-BC-BCR-09",2006,15,157,1061.25,60503,1
"CA-BC-BCR-09",2007,17,155,1035.25,60503,1
"CA-BC-BCR-09",2008,17,153,1004.75,60503,1
"CA-BC-BCR-09",2009,17,222,899.75,60503,1
"CA-BC-BCR-09",2010,19,182,1078.25,60503,1
"CA-BC-BCR-09",2011,20,206,1237.75,60503,1
"CA-BC-BCR-09",2012,20,243,1239.45,60503,1
"CA-BC-BCR-09",2013,19,186,1112.05,60503,1
"CA-BC-BCR-09",2014,21,225,1180.15,60503,1
"CA-BC-BCR-09",2015,22,119,1216.27,60503,1
"CA-BC-BCR-09",2016,21,123,1227.75,60503,1
"CA-BC-BCR-09",2017,21,172,1109.63,60503,1
"CA-BC-BCR-09",2018,20,124,1131.88,60503,1
"CA-BC-BCR-09",2019,19,74,1123.68,60503,1
"CA-BC-BCR-09",2020,19,143,1159.16,60503,1
"CA-BC-BCR-09",2021,18,89,1331.37,60503,1
"CA-BC-BCR-10",1976,1,24,39,384306,0.935
"CA-BC-BCR-10",1977,1,7,40,384306,0.935
"CA-BC-BCR-10",1978,2,9,103.8,384306,0.935
"CA-BC-BCR-10",1979,1,1,80,384306,0.935
"CA-BC-BCR-10",1980,2,8,79.8,384306,0.935
"CA-BC-BCR-10",1981,3,17,134.6,384306,0.935
"CA-BC-BCR-10",1982,5,31,183.8,384306,0.935
"CA-BC-BCR-10",1983,5,37,187.9,384306,0.935
"CA-BC-BCR-10",1984,4,25,191.5,384306,0.935
"CA-BC-BCR-10",1985,8,35,253.5,384306,0.935
"CA-BC-BCR-10",1986,6,25,224.5,384306,0.935
"CA-BC-BCR-10",1987,5,21,150,384306,0.935
"CA-BC-BCR-10",1988,6,42,226.3,384306,0.935
"CA-BC-BCR-10",1989,7,25,281.6,384306,0.935
"CA-BC-BCR-10",1990,8,37,299.4,384306,0.935
"CA-BC-BCR-10",1991,9,59,330.6,384306,0.935
"CA-BC-BCR-10",1992,9,65,439.8,384306,0.935
"CA-BC-BCR-10",1993,10,43,321.1,384306,0.935
"CA-BC-BCR-10",1994,9,39,372.7,384306,0.935
"CA-BC-BCR-10",1995,11,61,427.7,384306,0.935
"CA-BC-BCR-10",1996,11,29,403.5,384306,0.935
"CA-BC-BCR-10",1997,10,20,329,384306,0.935
"CA-BC-BCR-10",1998,13,47,429.8,384306,0.935
"CA-BC-BCR-10",1999,14,67,550.35,384306,0.935
"CA-BC-BCR-10",2000,12,69,594.45,384306,0.935
"CA-BC-BCR-10",2001,16,106,640,384306,0.935
"CA-BC-BCR-10",2002,17,148,821.7,384306,0.935
"CA-BC-BCR-10",2003,19,101,770.75,384306,0.935
"CA-BC-BCR-10",2004,19,86,729,384306,0.935
"CA-BC-BCR-10",2005,20,52,686.75,384306,0.935
"CA-BC-BCR-10",2006,24,173,862.5,384306,0.935
"CA-BC-BCR-10",2007,22,136,780,384306,0.935
"CA-BC-BCR-10",2008,22,117,890.25,384306,0.935
"CA-BC-BCR-10",2009,24,109,802.25,384306,0.935
"CA-BC-BCR-10",2010,24,112,975.5,384306,0.935
"CA-BC-BCR-10",2011,25,134,887.5,384306,0.935
"CA-BC-BCR-10",2012,27,99,913.4,384306,0.935
"CA-BC-BCR-10",2013,25,89,919.3,384306,0.935
"CA-BC-BCR-10",2014,27,103,839.41,384306,0.935
"CA-BC-BCR-10",2015,27,101,891.41,384306,0.935
"CA-BC-BCR-10",2016,30,124,930.51,384306,0.935
"CA-BC-BCR-10",2017,29,111,894.75,384306,0.935
"CA-BC-BCR-10",2018,28,109,998.05,384306,0.935
"CA-BC-BCR-10",2019,25,82,870.57,384306,0.935
"CA-BC-BCR-10",2020,22,92,835.18,384306,0.935
"CA-BC-BCR-10",2021,23,88,951.32,384306,0.935
"CA-YT-BCR-04",1974,1,0,13,423265,0.556
"CA-YT-BCR-04",1975,1,1,15,423265,0.556
"CA-YT-BCR-04",1976,1,0,32,423265,0.556
"CA-YT-BCR-04",1977,1,0,20,423265,0.556
"CA-YT-BCR-04",1978,1,0,38,423265,0.556
"CA-YT-BCR-04",1979,1,2,19.3,423265,0.556
"CA-YT-BCR-04",1980,2,1,23.8,423265,0.556
"CA-YT-BCR-04",1981,2,2,13,423265,0.556
"CA-YT-BCR-04",1982,2,6,44,423265,0.556
"CA-YT-BCR-04",1983,1,1,9.3,423265,0.556
"CA-YT-BCR-04",1984,1,0,6.8,423265,0.556
"CA-YT-BCR-04",1985,2,0,20.5,423265,0.556
"CA-YT-BCR-04",1986,1,0,6.5,423265,0.556
"CA-YT-BCR-04",1987,1,1,13,423265,0.556
"CA-YT-BCR-04",1988,1,13,9,423265,0.556
"CA-YT-BCR-04",1989,2,1,41,423265,0.556
"CA-YT-BCR-04",1990,3,10,58.4,423265,0.556
"CA-YT-BCR-04",1991,2,4,23.1,423265,0.556
"CA-YT-BCR-04",1992,1,0,11.1,423265,0.556
"CA-YT-BCR-04",1993,2,7,86.8,423265,0.556
"CA-YT-BCR-04",1994,2,5,39,423265,0.556
"CA-YT-BCR-04",1995,3,8,75,423265,0.556
"CA-YT-BCR-04",1996,3,5,74.3,423265,0.556
"CA-YT-BCR-04",1997,4,4,69.7,423265,0.556
"CA-YT-BCR-04",1998,4,6,82.1,423265,0.556
"CA-YT-BCR-04",1999,3,3,62.7,423265,0.556
"CA-YT-BCR-04",2000,4,6,92.25,423265,0.556
"CA-YT-BCR-04",2001,4,3,97.3,423265,0.556
"CA-YT-BCR-04",2002,4,8,90.45,423265,0.556
"CA-YT-BCR-04",2003,4,4,63.5,423265,0.556
"CA-YT-BCR-04",2004,5,8,112,423265,0.556
"CA-YT-BCR-04",2005,5,8,131,423265,0.556
"CA-YT-BCR-04",2006,5,18,112.5,423265,0.556
"CA-YT-BCR-04",2007,5,8,115.75,423265,0.556
"CA-YT-BCR-04",2008,5,5,102.25,423265,0.556
"CA-YT-BCR-04",2009,6,5,128,423265,0.556
"CA-YT-BCR-04",2010,6,8,135.75,423265,0.556
"CA-YT-BCR-04",2011,6,9,128.75,423265,0.556
"CA-YT-BCR-04",2012,5,8,127.2,423265,0.556
"CA-YT-BCR-04",2013,6,8,154.76,423265,0.556
"CA-YT-BCR-04",2014,6,11,153.73,423265,0.556
"CA-YT-BCR-04",2015,6,21,184.95,423265,0.556
"CA-YT-BCR-04",2016,6,16,167.25,423265,0.556
"CA-YT-BCR-04",2017,6,27,150.96,423265,0.556
"CA-YT-BCR-04",2018,6,20,165.65,423265,0.556
"CA-YT-BCR-04",2019,6,22,179.3,423265,0.556
"CA-YT-BCR-04",2020,6,21,162.05,423265,0.556
"CA-YT-BCR-04",2021,6,18,261.6,423265,0.556
"US-AK-BCR-02",1966,1,3,10,297596,0.625
"US-AK-BCR-02",1968,1,1,5,297596,0.625
"US-AK-BCR-02",1969,1,0,10,297596,0.625
"US-AK-BCR-02",1972,1,0,8,297596,0.625
"US-AK-BCR-02",1974,2,9,44,297596,0.625
"US-AK-BCR-02",1975,2,2,55.5,297596,0.625
"US-AK-BCR-02",1976,2,4,43.5,297596,0.625
"US-AK-BCR-02",1977,2,3,50,297596,0.625
"US-AK-BCR-02",1978,2,20,31,297596,0.625
"US-AK-BCR-02",1979,2,2,43,297596,0.625
"US-AK-BCR-02",1980,2,7,46,297596,0.625
"US-AK-BCR-02",1981,2,5,56,297596,0.625
"US-AK-BCR-02",1982,3,9,70.5,297596,0.625
"US-AK-BCR-02",1983,3,3,72.5,297596,0.625
"US-AK-BCR-02",1984,3,6,95,297596,0.625
"US-AK-BCR-02",1985,2,9,53.3,297596,0.625
"US-AK-BCR-02",1986,3,5,88.5,297596,0.625
"US-AK-BCR-02",1987,3,8,79.5,297596,0.625
"US-AK-BCR-02",1988,3,9,74,297596,0.625
"US-AK-BCR-02",1989,3,3,66,297596,0.625
"US-AK-BCR-02",1990,3,6,80.8,297596,0.625
"US-AK-BCR-02",1991,3,5,92,297596,0.625
"US-AK-BCR-02",1992,3,8,104,297596,0.625
"US-AK-BCR-02",1993,3,12,99,297596,0.625
"US-AK-BCR-02",1994,3,9,83.5,297596,0.625
"US-AK-BCR-02",1995,4,6,115.75,297596,0.625
"US-AK-BCR-02",1996,3,8,107.25,297596,0.625
"US-AK-BCR-02",1997,4,13,112.75,297596,0.625
"US-AK-BCR-02",1998,4,16,102.5,297596,0.625
"US-AK-BCR-02",1999,4,8,118.45,297596,0.625
"US-AK-BCR-02",2000,4,4,94.5,297596,0.625
"US-AK-BCR-02",2001,4,6,121.75,297596,0.625
"US-AK-BCR-02",2002,3,22,93.5,297596,0.625
"US-AK-BCR-02",2003,3,13,146,297596,0.625
"US-AK-BCR-02",2004,3,17,102,297596,0.625
"US-AK-BCR-02",2005,3,12,138.25,297596,0.625
"US-AK-BCR-02",2006,3,6,155.5,297596,0.625
"US-AK-BCR-02",2007,3,3,118,297596,0.625
"US-AK-BCR-02",2008,4,6,152,297596,0.625
"US-AK-BCR-02",2009,4,5,147.75,297596,0.625
"US-AK-BCR-02",2010,4,24,172,297596,0.625
"US-AK-BCR-02",2011,3,33,145.75,297596,0.625
"US-AK-BCR-02",2012,4,4,148.8,297596,0.625
"US-AK-BCR-02",2013,4,8,151.7,297596,0.625
"US-AK-BCR-02",2014,4,13,170.25,297596,0.625
"US-AK-BCR-02",2015,4,12,160.75,297596,0.625
"US-AK-BCR-02",2016,4,13,131.75,297596,0.625
"US-AK-BCR-02",2017,3,11,125.5,297596,0.625
"US-AK-BCR-02",2018,3,6,132.75,297596,0.625
"US-AK-BCR-02",2019,3,3,127.8,297596,0.625
"US-AK-BCR-02",2020,2,6,106.75,297596,0.625
"US-AK-BCR-02",2021,2,10,131.75,297596,0.625
"US-AK-BCR-04",1966,2,3,22,727479,0.632
"US-AK-BCR-04",1967,2,6,47,727479,0.632
"US-AK-BCR-04",1968,2,6,34,727479,0.632
"US-AK-BCR-04",1969,2,8,50,727479,0.632
"US-AK-BCR-04",1970,1,13,28,727479,0.632
"US-AK-BCR-04",1971,1,14,25,727479,0.632
"US-AK-BCR-04",1972,2,6,42,727479,0.632
"US-AK-BCR-04",1973,1,3,33,727479,0.632
"US-AK-BCR-04",1974,2,9,73,727479,0.632
"US-AK-BCR-04",1975,2,9,75.5,727479,0.632
"US-AK-BCR-04",1976,2,9,97.5,727479,0.632
"US-AK-BCR-04",1977,2,10,153.5,727479,0.632
"US-AK-BCR-04",1978,2,11,118,727479,0.632
"US-AK-BCR-04",1979,2,2,99,727479,0.632
"US-AK-BCR-04",1980,3,17,158.3,727479,0.632
"US-AK-BCR-04",1981,4,24,230,727479,0.632
"US-AK-BCR-04",1982,4,40,303.5,727479,0.632
"US-AK-BCR-04",1983,4,38,465,727479,0.632
"US-AK-BCR-04",1984,5,40,296,727479,0.632
"US-AK-BCR-04",1985,5,52,263,727479,0.632
"US-AK-BCR-04",1986,5,30,272,727479,0.632
"US-AK-BCR-04",1987,5,28,281.3,727479,0.632
"US-AK-BCR-04",1988,5,27,236,727479,0.632
"US-AK-BCR-04",1989,5,17,223.3,727479,0.632
"US-AK-BCR-04",1990,5,12,242.5,727479,0.632
"US-AK-BCR-04",1991,6,26,281.75,727479,0.632
"US-AK-BCR-04",1992,6,28,282.25,727479,0.632
"US-AK-BCR-04",1993,5,26,359,727479,0.632
"US-AK-BCR-04",1994,6,24,385.5,727479,0.632
"US-AK-BCR-04",1995,7,30,332.5,727479,0.632
"US-AK-BCR-04",1996,7,55,361.25,727479,0.632
"US-AK-BCR-04",1997,7,28,315.5,727479,0.632
"US-AK-BCR-04",1998,7,24,421.75,727479,0.632
"US-AK-BCR-04",1999,7,28,416.25,727479,0.632
"US-AK-BCR-04",2000,8,29,420.6,727479,0.632
"US-AK-BCR-04",2001,8,36,483.25,727479,0.632
"US-AK-BCR-04",2002,8,33,415.3,727479,0.632
"US-AK-BCR-04",2003,8,39,504.75,727479,0.632
"US-AK-BCR-04",2004,9,55,397.5,727479,0.632
"US-AK-BCR-04",2005,9,73,495.75,727479,0.632
"US-AK-BCR-04",2006,9,83,447.25,727479,0.632
"US-AK-BCR-04",2007,9,123,577.75,727479,0.632
"US-AK-BCR-04",2008,9,75,559.5,727479,0.632
"US-AK-BCR-04",2009,10,82,485.75,727479,0.632
"US-AK-BCR-04",2010,10,47,507.75,727479,0.632
"US-AK-BCR-04",2011,10,57,560.75,727479,0.632
"US-AK-BCR-04",2012,9,60,529.8,727479,0.632
"US-AK-BCR-04",2013,9,39,450,727479,0.632
"US-AK-BCR-04",2014,9,36,447.7,727479,0.632
"US-AK-BCR-04",2015,10,64,517,727479,0.632
"US-AK-BCR-04",2016,9,64,533.72,727479,0.632
"US-AK-BCR-04",2017,8,67,498.45,727479,0.632
"US-AK-BCR-04",2018,10,70,555.2,727479,0.632
"US-AK-BCR-04",2019,10,56,524.15,727479,0.632
"US-AK-BCR-04",2020,8,48,488.6,727479,0.632
"US-AK-BCR-04",2021,9,49,494.7,727479,0.632
"US-AK-BCR-05",1968,1,2,27,164134,0.885
"US-AK-BCR-05",1969,2,5,58,164134,0.885
"US-AK-BCR-05",1970,2,4,26,164134,0.885
"US-AK-BCR-05",1971,2,1,62,164134,0.885
"US-AK-BCR-05",1972,2,4,27,164134,0.885
"US-AK-BCR-05",1973,1,3,6,164134,0.885
"US-AK-BCR-05",1974,3,1,32,164134,0.885
"US-AK-BCR-05",1975,5,10,80.5,164134,0.885
"US-AK-BCR-05",1976,5,3,86,164134,0.885
"US-AK-BCR-05",1977,5,30,128.5,164134,0.885
"US-AK-BCR-05",1978,4,26,100.5,164134,0.885
"US-AK-BCR-05",1979,4,16,135,164134,0.885
"US-AK-BCR-05",1980,6,8,116,164134,0.885
"US-AK-BCR-05",1981,6,7,118,164134,0.885
"US-AK-BCR-05",1982,9,31,205.8,164134,0.885
"US-AK-BCR-05",1983,9,22,159.3,164134,0.885
"US-AK-BCR-05",1984,10,39,257.8,164134,0.885
"US-AK-BCR-05",1985,8,50,167.3,164134,0.885
"US-AK-BCR-05",1986,9,57,186.4,164134,0.885
"US-AK-BCR-05",1987,8,30,195.1,164134,0.885
"US-AK-BCR-05",1988,8,27,206.5,164134,0.885
"US-AK-BCR-05",1989,9,36,209.1,164134,0.885
"US-AK-BCR-05",1990,10,24,272,164134,0.885
"US-AK-BCR-05",1991,11,51,343.25,164134,0.885
"US-AK-BCR-05",1992,13,39,331.25,164134,0.885
"US-AK-BCR-05",1993,12,39,369,164134,0.885
"US-AK-BCR-05",1994,12,37,407.5,164134,0.885
"US-AK-BCR-05",1995,14,38,431.5,164134,0.885
"US-AK-BCR-05",1996,16,45,486.25,164134,0.885
"US-AK-BCR-05",1997,13,29,403.5,164134,0.885
"US-AK-BCR-05",1998,14,33,452.75,164134,0.885
"US-AK-BCR-05",1999,14,39,465.25,164134,0.885
"US-AK-BCR-05",2000,13,32,437.95,164134,0.885
"US-AK-BCR-05",2001,13,51,412.65,164134,0.885
"US-AK-BCR-05",2002,15,57,486.35,164134,0.885
"US-AK-BCR-05",2003,15,52,515.65,164134,0.885
"US-AK-BCR-05",2004,15,90,481.5,164134,0.885
"US-AK-BCR-05",2005,13,66,444.5,164134,0.885
"US-AK-BCR-05",2006,16,52,546.5,164134,0.885
"US-AK-BCR-05",2007,15,71,534.5,164134,0.885
"US-AK-BCR-05",2008,14,36,495.25,164134,0.885
"US-AK-BCR-05",2009,15,57,515.5,164134,0.885
"US-AK-BCR-05",2010,15,64,480.75,164134,0.885
"US-AK-BCR-05",2011,14,70,460,164134,0.885
"US-AK-BCR-05",2012,14,83,495.45,164134,0.885
"US-AK-BCR-05",2013,13,43,420.6,164134,0.885
"US-AK-BCR-05",2014,14,68,434.53,164134,0.885
"US-AK-BCR-05",2015,15,49,504.65,164134,0.885
"US-AK-BCR-05",2016,13,42,423.1,164134,0.885
"US-AK-BCR-05",2017,15,61,492.65,164134,0.885
"US-AK-BCR-05",2018,14,39,479.37,164134,0.885
"US-AK-BCR-05",2019,15,56,502.53,164134,0.885
"US-AK-BCR-05",2020,15,54,525.5,164134,0.885
"US-AK-BCR-05",2021,13,65,514.6,164134,0.885
"US-AZ-BCR-34",1966,1,0,42,96532,0.444
"US-AZ-BCR-34",1967,1,0,42,96532,0.444
"US-AZ-BCR-34",1968,1,0,24,96532,0.444
"US-AZ-BCR-34",1969,3,0,150,96532,0.444
"US-AZ-BCR-34",1970,3,0,105,96532,0.444
"US-AZ-BCR-34",1971,3,0,216,96532,0.444
"US-AZ-BCR-34",1972,4,1,269,96532,0.444
"US-AZ-BCR-34",1973,5,3,404,96532,0.444
"US-AZ-BCR-34",1974,5,3,482,96532,0.444
"US-AZ-BCR-34",1975,5,1,410,96532,0.444
"US-AZ-BCR-34",1976,5,4,425.2,96532,0.444
"US-AZ-BCR-34",1977,6,4,518.3,96532,0.444
"US-AZ-BCR-34",1978,5,3,475.8,96532,0.444
"US-AZ-BCR-34",1979,7,7,583,96532,0.444
"US-AZ-BCR-34",1980,7,3,563,96532,0.444
"US-AZ-BCR-34",1981,7,4,612.3,96532,0.444
"US-AZ-BCR-34",1982,5,2,562.5,96532,0.444
"US-AZ-BCR-34",1983,6,1,637.5,96532,0.444
"US-AZ-BCR-34",1984,6,3,608.5,96532,0.444
"US-AZ-BCR-34",1985,6,2,504.8,96532,0.444
"US-AZ-BCR-34",1986,6,2,611,96532,0.444
"US-AZ-BCR-34",1987,6,2,553.5,96532,0.444
"US-AZ-BCR-34",1988,6,3,476.5,96532,0.444
"US-AZ-BCR-34",1989,6,4,600.5,96532,0.444
"US-AZ-BCR-34",1990,6,2,580.3,96532,0.444
"US-AZ-BCR-34",1991,6,1,582,96532,0.444
"US-AZ-BCR-34",1992,6,1,540.5,96532,0.444
"US-AZ-BCR-34",1993,6,1,510,96532,0.444
"US-AZ-BCR-34",1994,6,0,564.75,96532,0.444
"US-AZ-BCR-34",1995,6,0,537.75,96532,0.444
"US-AZ-BCR-34",1996,5,0,471.5,96532,0.444
"US-AZ-BCR-34",1997,6,2,525,96532,0.444
"US-AZ-BCR-34",1998,6,0,551.5,96532,0.444
"US-AZ-BCR-34",1999,6,3,565.5,96532,0.444
"US-AZ-BCR-34",2000,6,2,540.5,96532,0.444
"US-AZ-BCR-34",2001,6,0,578.15,96532,0.444
"US-AZ-BCR-34",2002,6,2,622.75,96532,0.444
"US-AZ-BCR-34",2003,6,0,674.75,96532,0.444
"US-AZ-BCR-34",2004,6,0,673.75,96532,0.444
"US-AZ-BCR-34",2005,6,0,661.75,96532,0.444
"US-AZ-BCR-34",2006,6,0,770.5,96532,0.444
"US-AZ-BCR-34",2007,6,0,655.75,96532,0.444
"US-AZ-BCR-34",2008,5,1,480.75,96532,0.444
"US-AZ-BCR-34",2009,6,0,663.75,96532,0.444
"US-AZ-BCR-34",2010,6,0,637.5,96532,0.444
"US-AZ-BCR-34",2011,6,1,662.25,96532,0.444
"US-AZ-BCR-34",2012,5,0,577.55,96532,0.444
"US-AZ-BCR-34",2013,4,0,335.3,96532,0.444
"US-AZ-BCR-34",2014,6,0,688.85,96532,0.444
"US-AZ-BCR-34",2015,6,0,616.9,96532,0.444
"US-AZ-BCR-34",2016,6,0,522.75,96532,0.444
"US-AZ-BCR-34",2017,6,0,591.45,96532,0.444
"US-AZ-BCR-34",2018,6,1,793.58,96532,0.444
"US-AZ-BCR-34",2019,6,0,611.76,96532,0.444
"US-AZ-BCR-34",2020,6,0,583.97,96532,0.444
"US-AZ-BCR-34",2021,6,0,792.1,96532,0.444
"US-CA-BCR-05",1966,3,5,80,46082,0.923
"US-CA-BCR-05",1967,2,0,51,46082,0.923
"US-CA-BCR-05",1968,3,0,94,46082,0.923
"US-CA-BCR-05",1969,3,0,192,46082,0.923
"US-CA-BCR-05",1970,2,0,255,46082,0.923
"US-CA-BCR-05",1971,3,1,336,46082,0.923
"US-CA-BCR-05",1972,3,3,343,46082,0.923
"US-CA-BCR-05",1973,5,5,538,46082,0.923
"US-CA-BCR-05",1974,6,11,556,46082,0.923
"US-CA-BCR-05",1975,7,9,603.5,46082,0.923
"US-CA-BCR-05",1976,6,18,593.8,46082,0.923
"US-CA-BCR-05",1977,6,23,615.3,46082,0.923
"US-CA-BCR-05",1978,7,19,770.5,46082,0.923
"US-CA-BCR-05",1979,7,37,732.4,46082,0.923
"US-CA-BCR-05",1980,7,37,844.8,46082,0.923
"US-CA-BCR-05",1981,7,37,831.3,46082,0.923
"US-CA-BCR-05",1982,6,10,583.6,46082,0.923
"US-CA-BCR-05",1983,7,10,684.7,46082,0.923
"US-CA-BCR-05",1984,7,17,707.4,46082,0.923
"US-CA-BCR-05",1985,7,27,641.9,46082,0.923
"US-CA-BCR-05",1986,7,42,708.2,46082,0.923
"US-CA-BCR-05",1987,8,26,862.2,46082,0.923
"US-CA-BCR-05",1988,8,14,809.6,46082,0.923
"US-CA-BCR-05",1989,8,12,842.3,46082,0.923
"US-CA-BCR-05",1990,9,22,933.4,46082,0.923
"US-CA-BCR-05",1991,9,15,898.25,46082,0.923
"US-CA-BCR-05",1992,9,15,815.25,46082,0.923
"US-CA-BCR-05",1993,8,18,937.25,46082,0.923
"US-CA-BCR-05",1994,8,17,907.5,46082,0.923
"US-CA-BCR-05",1995,9,33,956.75,46082,0.923
"US-CA-BCR-05",1996,8,28,885.5,46082,0.923
"US-CA-BCR-05",1997,9,10,789,46082,0.923
"US-CA-BCR-05",1998,10,19,987.75,46082,0.923
"US-CA-BCR-05",1999,10,10,973.2,46082,0.923
"US-CA-BCR-05",2000,10,44,1128.5,46082,0.923
"US-CA-BCR-05",2001,10,26,1150.05,46082,0.923
"US-CA-BCR-05",2002,9,10,1013.55,46082,0.923
"US-CA-BCR-05",2003,10,10,1009.5,46082,0.923
"US-CA-BCR-05",2004,9,10,1175.5,46082,0.923
"US-CA-BCR-05",2005,9,18,1166,46082,0.923
"US-CA-BCR-05",2006,9,17,838.25,46082,0.923
"US-CA-BCR-05",2007,9,18,1003,46082,0.923
"US-CA-BCR-05",2008,9,15,1214.75,46082,0.923
"US-CA-BCR-05",2009,9,18,975.25,46082,0.923
"US-CA-BCR-05",2010,8,17,959,46082,0.923
"US-CA-BCR-05",2011,9,12,888.25,46082,0.923
"US-CA-BCR-05",2012,9,13,1009.7,46082,0.923
"US-CA-BCR-05",2013,7,13,531,46082,0.923
"US-CA-BCR-05",2014,10,23,1073.85,46082,0.923
"US-CA-BCR-05",2015,10,12,903,46082,0.923
"US-CA-BCR-05",2016,8,7,910.06,46082,0.923
"US-CA-BCR-05",2017,10,8,987.92,46082,0.923
"US-CA-BCR-05",2018,10,10,1032.45,46082,0.923
"US-CA-BCR-05",2019,10,18,921.1,46082,0.923
"US-CA-BCR-05",2020,10,12,805.83,46082,0.923
"US-CA-BCR-05",2021,10,8,1010.47,46082,0.923
"US-CA-BCR-09",1968,1,0,10,40607,0.583
"US-CA-BCR-09",1969,1,0,7,40607,0.583
"US-CA-BCR-09",1970,1,0,10,40607,0.583
"US-CA-BCR-09",1971,1,0,7,40607,0.583
"US-CA-BCR-09",1972,1,0,14,40607,0.583
"US-CA-BCR-09",1973,1,0,20,40607,0.583
"US-CA-BCR-09",1975,1,3,35.5,40607,0.583
"US-CA-BCR-09",1976,1,0,18,40607,0.583
"US-CA-BCR-09",1977,1,8,36,40607,0.583
"US-CA-BCR-09",1978,2,3,64,40607,0.583
"US-CA-BCR-09",1979,2,4,48,40607,0.583
"US-CA-BCR-09",1980,2,3,55,40607,0.583
"US-CA-BCR-09",1981,2,4,62,40607,0.583
"US-CA-BCR-09",1982,2,5,65,40607,0.583
"US-CA-BCR-09",1983,3,1,91.3,40607,0.583
"US-CA-BCR-09",1984,4,8,163.3,40607,0.583
"US-CA-BCR-09",1985,4,6,129,40607,0.583
"US-CA-BCR-09",1986,4,10,163.5,40607,0.583
"US-CA-BCR-09",1987,4,10,121.5,40607,0.583
"US-CA-BCR-09",1988,4,11,207.5,40607,0.583
"US-CA-BCR-09",1989,3,7,144,40607,0.583
"US-CA-BCR-09",1990,4,10,168.8,40607,0.583
"US-CA-BCR-09",1991,4,3,120.25,40607,0.583
"US-CA-BCR-09",1992,4,5,156.75,40607,0.583
"US-CA-BCR-09",1993,3,2,120.25,40607,0.583
"US-CA-BCR-09",1994,3,3,139.25,40607,0.583
"US-CA-BCR-09",1995,5,2,164.25,40607,0.583
"US-CA-BCR-09",1996,4,3,179.5,40607,0.583
"US-CA-BCR-09",1997,4,9,105.5,40607,0.583
"US-CA-BCR-09",1998,4,8,248.5,40607,0.583
"US-CA-BCR-09",1999,5,7,206.75,40607,0.583
"US-CA-BCR-09",2000,3,1,160.95,40607,0.583
"US-CA-BCR-09",2001,4,8,235.57,40607,0.583
"US-CA-BCR-09",2002,2,4,164.85,40607,0.583
"US-CA-BCR-09",2003,4,11,237.7,40607,0.583
"US-CA-BCR-09",2004,3,6,269.25,40607,0.583
"US-CA-BCR-09",2005,3,9,237.75,40607,0.583
"US-CA-BCR-09",2006,3,3,176,40607,0.583
"US-CA-BCR-09",2007,3,8,207.5,40607,0.583
"US-CA-BCR-09",2008,3,1,262.25,40607,0.583
"US-CA-BCR-09",2009,3,6,173,40607,0.583
"US-CA-BCR-09",2010,3,6,220.5,40607,0.583
"US-CA-BCR-09",2011,3,5,215.5,40607,0.583
"US-CA-BCR-09",2012,3,3,286.85,40607,0.583
"US-CA-BCR-09",2013,3,6,199.3,40607,0.583
"US-CA-BCR-09",2014,4,7,270.25,40607,0.583
"US-CA-BCR-09",2015,4,10,268.2,40607,0.583
"US-CA-BCR-09",2016,4,7,235,40607,0.583
"US-CA-BCR-09",2017,4,7,249.5,40607,0.583
"US-CA-BCR-09",2018,3,3,208.45,40607,0.583
"US-CA-BCR-09",2019,4,7,236.27,40607,0.583
"US-CA-BCR-09",2020,4,5,243.55,40607,0.583
"US-CA-BCR-09",2021,3,4,168.2,40607,0.583
"US-CA-BCR-15",1966,2,1,41,51868,0.929
"US-CA-BCR-15",1967,3,4,73,51868,0.929
"US-CA-BCR-15",1968,3,14,62,51868,0.929
"US-CA-BCR-15",1969,2,10,51,51868,0.929
"US-CA-BCR-15",1970,2,4,63,51868,0.929
"US-CA-BCR-15",1971,2,4,31,51868,0.929
"US-CA-BCR-15",1972,1,3,25,51868,0.929
"US-CA-BCR-15",1973,2,13,73,51868,0.929
"US-CA-BCR-15",1974,2,7,89,51868,0.929
"US-CA-BCR-15",1975,2,11,78,51868,0.929
"US-CA-BCR-15",1976,3,31,147,51868,0.929
"US-CA-BCR-15",1977,4,22,229,51868,0.929
"US-CA-BCR-15",1978,4,6,174,51868,0.929
"US-CA-BCR-15",1979,4,17,180.1,51868,0.929
"US-CA-BCR-15",1980,4,20,156,51868,0.929
"US-CA-BCR-15",1981,4,20,205.5,51868,0.929
"US-CA-BCR-15",1982,3,4,100.5,51868,0.929
"US-CA-BCR-15",1983,4,6,128.3,51868,0.929
"US-CA-BCR-15",1984,4,15,264.3,51868,0.929
"US-CA-BCR-15",1985,4,26,137.3,51868,0.929
"US-CA-BCR-15",1986,3,17,162.8,51868,0.929
"US-CA-BCR-15",1987,3,27,128.8,51868,0.929
"US-CA-BCR-15",1988,3,16,209.1,51868,0.929
"US-CA-BCR-15",1989,3,24,125,51868,0.929
"US-CA-BCR-15",1990,4,33,171.3,51868,0.929
"US-CA-BCR-15",1991,6,36,257.25,51868,0.929
"US-CA-BCR-15",1992,6,18,290.25,51868,0.929
"US-CA-BCR-15",1993,6,25,298.75,51868,0.929
"US-CA-BCR-15",1994,6,28,329,51868,0.929
"US-CA-BCR-15",1995,6,19,449,51868,0.929
"US-CA-BCR-15",1996,6,43,416.5,51868,0.929
"US-CA-BCR-15",1997,6,28,396,51868,0.929
"US-CA-BCR-15",1998,8,29,477,51868,0.929
"US-CA-BCR-15",1999,8,22,413.25,51868,0.929
"US-CA-BCR-15",2000,7,45,383.25,51868,0.929
"US-CA-BCR-15",2001,8,31,464.85,51868,0.929
"US-CA-BCR-15",2002,9,30,460.95,51868,0.929
"US-CA-BCR-15",2003,9,28,478.95,51868,0.929
"US-CA-BCR-15",2004,10,46,463.75,51868,0.929
"US-CA-BCR-15",2005,10,35,535,51868,0.929
"US-CA-BCR-15",2006,10,39,506,51868,0.929
"US-CA-BCR-15",2007,10,53,495.25,51868,0.929
"US-CA-BCR-15",2008,9,44,549.25,51868,0.929
"US-CA-BCR-15",2009,10,21,489.75,51868,0.929
"US-CA-BCR-15",2010,10,33,550,51868,0.929
"US-CA-BCR-15",2011,11,35,423.5,51868,0.929
"US-CA-BCR-15",2012,11,48,481.15,51868,0.929
"US-CA-BCR-15",2013,10,24,457.5,51868,0.929
"US-CA-BCR-15",2014,10,20,496,51868,0.929
"US-CA-BCR-15",2015,11,33,469.5,51868,0.929
"US-CA-BCR-15",2016,11,25,475,51868,0.929
"US-CA-BCR-15",2017,10,21,367.3,51868,0.929
"US-CA-BCR-15",2018,11,43,537.4,51868,0.929
"US-CA-BCR-15",2019,11,37,507.35,51868,0.929
"US-CA-BCR-15",2020,11,31,481.15,51868,0.929
"US-CA-BCR-15",2021,8,23,346,51868,0.929
"US-CA-BCR-32",1966,12,4,907,167040,0.43
"US-CA-BCR-32",1967,13,4,1348,167040,0.43
"US-CA-BCR-32",1968,14,2,1581,167040,0.43
"US-CA-BCR-32",1969,15,3,1097,167040,0.43
"US-CA-BCR-32",1970,16,4,1233,167040,0.43
"US-CA-BCR-32",1971,19,5,1434,167040,0.43
"US-CA-BCR-32",1972,21,11,1854,167040,0.43
"US-CA-BCR-32",1973,25,25,2336,167040,0.43
"US-CA-BCR-32",1974,25,27,3247.5,167040,0.43
"US-CA-BCR-32",1975,25,64,3061.5,167040,0.43
"US-CA-BCR-32",1976,26,63,3165,167040,0.43
"US-CA-BCR-32",1977,28,53,3697.4,167040,0.43
"US-CA-BCR-32",1978,29,34,3562.9,167040,0.43
"US-CA-BCR-32",1979,30,36,3431.9,167040,0.43
"US-CA-BCR-32",1980,31,34,3798,167040,0.43
"US-CA-BCR-32",1981,32,49,3990.7,167040,0.43
"US-CA-BCR-32",1982,33,35,3497.1,167040,0.43
"US-CA-BCR-32",1983,33,33,3854.1,167040,0.43
"US-CA-BCR-32",1984,33,43,4046.9,167040,0.43
"US-CA-BCR-32",1985,33,52,3796.2,167040,0.43
"US-CA-BCR-32",1986,33,72,3658.7,167040,0.43
"US-CA-BCR-32",1987,33,42,3633.8,167040,0.43
"US-CA-BCR-32",1988,34,38,3681.3,167040,0.43
"US-CA-BCR-32",1989,30,28,3233,167040,0.43
"US-CA-BCR-32",1990,32,39,3841,167040,0.43
"US-CA-BCR-32",1991,28,29,3326.25,167040,0.43
"US-CA-BCR-32",1992,32,23,3806,167040,0.43
"US-CA-BCR-32",1993,32,35,3688,167040,0.43
"US-CA-BCR-32",1994,30,30,3797.25,167040,0.43
"US-CA-BCR-32",1995,32,49,4047,167040,0.43
"US-CA-BCR-32",1996,31,30,3874.1,167040,0.43
"US-CA-BCR-32",1997,30,19,3528.75,167040,0.43
"US-CA-BCR-32",1998,30,40,3720.25,167040,0.43
"US-CA-BCR-32",1999,29,25,3867.25,167040,0.43
"US-CA-BCR-32",2000,30,50,4086.3,167040,0.43
"US-CA-BCR-32",2001,31,39,4278.34,167040,0.43
"US-CA-BCR-32",2002,31,41,4166.27,167040,0.43
"US-CA-BCR-32",2003,31,43,3902.98,167040,0.43
"US-CA-BCR-32",2004,31,42,4452.75,167040,0.43
"US-CA-BCR-32",2005,31,40,4166.75,167040,0.43
"US-CA-BCR-32",2006,32,62,3960,167040,0.43
"US-CA-BCR-32",2007,30,52,4277.95,167040,0.43
"US-CA-BCR-32",2008,31,41,4667.7,167040,0.43
"US-CA-BCR-32",2009,31,47,4201.15,167040,0.43
"US-CA-BCR-32",2010,30,58,4437.9,167040,0.43
"US-CA-BCR-32",2011,30,31,3984.75,167040,0.43
"US-CA-BCR-32",2012,32,45,4524.39,167040,0.43
"US-CA-BCR-32",2013,35,45,4667.39,167040,0.43
"US-CA-BCR-32",2014,33,54,4608.44,167040,0.43
"US-CA-BCR-32",2015,34,32,5068.65,167040,0.43
"US-CA-BCR-32",2016,35,35,4767.33,167040,0.43
"US-CA-BCR-32",2017,34,37,4374.21,167040,0.43
"US-CA-BCR-32",2018,34,22,5049.46,167040,0.43
"US-CA-BCR-32",2019,35,37,4626.98,167040,0.43
"US-CA-BCR-32",2020,34,24,4268.1,167040,0.43
"US-CA-BCR-32",2021,28,27,3967.35,167040,0.43
"US-CO-BCR-16",1966,5,11,207,146975,0.897
"US-CO-BCR-16",1967,6,25,323,146975,0.897
"US-CO-BCR-16",1968,7,69,216,146975,0.897
"US-CO-BCR-16",1969,7,73,250,146975,0.897
"US-CO-BCR-16",1970,7,56,399,146975,0.897
"US-CO-BCR-16",1971,8,54,447,146975,0.897
"US-CO-BCR-16",1972,10,68,388,146975,0.897
"US-CO-BCR-16",1973,10,101,385.5,146975,0.897
"US-CO-BCR-16",1974,10,78,403.5,146975,0.897
"US-CO-BCR-16",1975,9,111,512.5,146975,0.897
"US-CO-BCR-16",1976,9,109,345,146975,0.897
"US-CO-BCR-16",1977,9,85,387.5,146975,0.897
"US-CO-BCR-16",1978,11,118,415.6,146975,0.897
"US-CO-BCR-16",1979,11,92,330.3,146975,0.897
"US-CO-BCR-16",1980,13,76,467.3,146975,0.897
"US-CO-BCR-16",1981,14,81,573.1,146975,0.897
"US-CO-BCR-16",1982,15,174,582.6,146975,0.897
"US-CO-BCR-16",1983,15,85,560.3,146975,0.897
"US-CO-BCR-16",1984,14,118,486.1,146975,0.897
"US-CO-BCR-16",1985,12,111,517.8,146975,0.897
"US-CO-BCR-16",1986,13,126,544.5,146975,0.897
"US-CO-BCR-16",1987,14,124,681.4,146975,0.897
"US-CO-BCR-16",1988,14,198,523.8,146975,0.897
"US-CO-BCR-16",1989,14,199,656,146975,0.897
"US-CO-BCR-16",1990,14,168,619.5,146975,0.897
"US-CO-BCR-16",1991,15,156,718,146975,0.897
"US-CO-BCR-16",1992,16,176,774.5,146975,0.897
"US-CO-BCR-16",1993,16,197,1000,146975,0.897
"US-CO-BCR-16",1994,17,152,756.5,146975,0.897
"US-CO-BCR-16",1995,17,151,768.25,146975,0.897
"US-CO-BCR-16",1996,16,105,754,146975,0.897
"US-CO-BCR-16",1997,18,184,847.75,146975,0.897
"US-CO-BCR-16",1998,18,184,818.5,146975,0.897
"US-CO-BCR-16",1999,18,201,802.25,146975,0.897
"US-CO-BCR-16",2000,19,176,913.3,146975,0.897
"US-CO-BCR-16",2001,19,128,882.5,146975,0.897
"US-CO-BCR-16",2002,19,98,789.25,146975,0.897
"US-CO-BCR-16",2003,18,116,859.25,146975,0.897
"US-CO-BCR-16",2004,18,134,838.25,146975,0.897
"US-CO-BCR-16",2005,18,122,923.75,146975,0.897
"US-CO-BCR-16",2006,18,122,810.5,146975,0.897
"US-CO-BCR-16",2007,20,95,1011.5,146975,0.897
"US-CO-BCR-16",2008,20,87,894.25,146975,0.897
"US-CO-BCR-16",2009,19,67,917.5,146975,0.897
"US-CO-BCR-16",2010,20,137,817.5,146975,0.897
"US-CO-BCR-16",2011,21,120,922,146975,0.897
"US-CO-BCR-16",2012,22,119,1032.95,146975,0.897
"US-CO-BCR-16",2013,22,168,1013.35,146975,0.897
"US-CO-BCR-16",2014,23,126,1023.4,146975,0.897
"US-CO-BCR-16",2015,21,64,856.53,146975,0.897
"US-CO-BCR-16",2016,22,148,1002.17,146975,0.897
"US-CO-BCR-16",2017,24,108,1018.55,146975,0.897
"US-CO-BCR-16",2018,22,104,1123.5,146975,0.897
"US-CO-BCR-16",2019,23,168,1124.22,146975,0.897
"US-CO-BCR-16",2020,22,130,1071.93,146975,0.897
"US-CO-BCR-16",2021,20,147,1264.75,146975,0.897
"US-CO-BCR-18",1966,6,49,294,113333,0.419
"US-CO-BCR-18",1967,6,54,307,113333,0.419
"US-CO-BCR-18",1968,5,68,244,113333,0.419
"US-CO-BCR-18",1969,6,97,333,113333,0.419
"US-CO-BCR-18",1970,5,36,395,113333,0.419
"US-CO-BCR-18",1971,5,62,558,113333,0.419
"US-CO-BCR-18",1972,5,81,525,113333,0.419
"US-CO-BCR-18",1973,5,73,471,113333,0.419
"US-CO-BCR-18",1974,5,42,759,113333,0.419
"US-CO-BCR-18",1975,5,79,802,113333,0.419
"US-CO-BCR-18",1976,6,100,847,113333,0.419
"US-CO-BCR-18",1977,6,65,947,113333,0.419
"US-CO-BCR-18",1978,6,51,896.6,113333,0.419
"US-CO-BCR-18",1979,6,66,857,113333,0.419
"US-CO-BCR-18",1980,6,45,800.6,113333,0.419
"US-CO-BCR-18",1981,6,78,777.5,113333,0.419
"US-CO-BCR-18",1982,6,132,761.1,113333,0.419
"US-CO-BCR-18",1983,7,88,802.9,113333,0.419
"US-CO-BCR-18",1984,7,145,833.5,113333,0.419
"US-CO-BCR-18",1985,7,108,916.1,113333,0.419
"US-CO-BCR-18",1986,8,149,913.8,113333,0.419
"US-CO-BCR-18",1987,8,114,1063.3,113333,0.419
"US-CO-BCR-18",1988,8,152,1026.4,113333,0.419
"US-CO-BCR-18",1989,9,86,1115.9,113333,0.419
"US-CO-BCR-18",1990,9,82,1297.4,113333,0.419
"US-CO-BCR-18",1991,9,67,1125.25,113333,0.419
"US-CO-BCR-18",1992,9,87,991.5,113333,0.419
"US-CO-BCR-18",1993,9,66,1076,113333,0.419
"US-CO-BCR-18",1994,9,85,1212.75,113333,0.419
"US-CO-BCR-18",1995,9,68,1143.5,113333,0.419
"US-CO-BCR-18",1996,9,79,1179.5,113333,0.419
"US-CO-BCR-18",1997,9,95,1170,113333,0.419
"US-CO-BCR-18",1998,9,62,1142.5,113333,0.419
"US-CO-BCR-18",1999,9,125,1086,113333,0.419
"US-CO-BCR-18",2000,9,102,1189.25,113333,0.419
"US-CO-BCR-18",2001,10,135,1270.75,113333,0.419
"US-CO-BCR-18",2002,10,93,1194.75,113333,0.419
"US-CO-BCR-18",2003,10,110,1205.45,113333,0.419
"US-CO-BCR-18",2004,10,141,1192.25,113333,0.419
"US-CO-BCR-18",2005,10,124,1308,113333,0.419
"US-CO-BCR-18",2006,9,113,1097.25,113333,0.419
"US-CO-BCR-18",2007,10,76,1093.25,113333,0.419
"US-CO-BCR-18",2008,10,81,1174.5,113333,0.419
"US-CO-BCR-18",2009,10,109,1224.75,113333,0.419
"US-CO-BCR-18",2010,10,126,1358.5,113333,0.419
"US-CO-BCR-18",2011,10,94,1302.5,113333,0.419
"US-CO-BCR-18",2012,10,83,1416.16,113333,0.419
"US-CO-BCR-18",2013,10,68,1497.2,113333,0.419
"US-CO-BCR-18",2014,10,31,1401.32,113333,0.419
"US-CO-BCR-18",2015,10,66,1457.28,113333,0.419
"US-CO-BCR-18",2016,10,72,1494.53,113333,0.419
"US-CO-BCR-18",2017,10,79,1286.15,113333,0.419
"US-CO-BCR-18",2018,10,48,1547.8,113333,0.419
"US-CO-BCR-18",2019,10,97,1496.4,113333,0.419
"US-CO-BCR-18",2020,11,108,1908.25,113333,0.419
"US-CO-BCR-18",2021,9,93,1616.44,113333,0.419
"US-ID-BCR-09",1966,1,0,9,109955,0.75
"US-ID-BCR-09",1967,2,0,31,109955,0.75
"US-ID-BCR-09",1968,1,0,21,109955,0.75
"US-ID-BCR-09",1969,2,0,34,109955,0.75
"US-ID-BCR-09",1970,3,0,57,109955,0.75
"US-ID-BCR-09",1971,3,3,98,109955,0.75
"US-ID-BCR-09",1972,3,4,62,109955,0.75
"US-ID-BCR-09",1973,4,2,103,109955,0.75
"US-ID-BCR-09",1974,3,1,97,109955,0.75
"US-ID-BCR-09",1975,4,1,105.5,109955,0.75
"US-ID-BCR-09",1976,4,3,116.5,109955,0.75
"US-ID-BCR-09",1977,4,2,170.5,109955,0.75
"US-ID-BCR-09",1978,5,1,156.5,109955,0.75
"US-ID-BCR-09",1979,5,2,175.5,109955,0.75
"US-ID-BCR-09",1980,6,1,209,109955,0.75
"US-ID-BCR-09",1981,7,2,240.8,109955,0.75
"US-ID-BCR-09",1982,7,0,232,109955,0.75
"US-ID-BCR-09",1983,7,0,221,109955,0.75
"US-ID-BCR-09",1984,7,4,253.5,109955,0.75
"US-ID-BCR-09",1985,8,1,276.5,109955,0.75
"US-ID-BCR-09",1986,7,1,220.5,109955,0.75
"US-ID-BCR-09",1987,6,4,236.5,109955,0.75
"US-ID-BCR-09",1988,8,11,319.5,109955,0.75
"US-ID-BCR-09",1989,7,5,303,109955,0.75
"US-ID-BCR-09",1990,8,4,355.3,109955,0.75
"US-ID-BCR-09",1991,8,5,292,109955,0.75
"US-ID-BCR-09",1992,9,4,367.75,109955,0.75
"US-ID-BCR-09",1993,9,11,378.5,109955,0.75
"US-ID-BCR-09",1994,9,7,372,109955,0.75
"US-ID-BCR-09",1995,10,20,422.75,109955,0.75
"US-ID-BCR-09",1996,10,10,411.75,109955,0.75
"US-ID-BCR-09",1997,10,15,368.25,109955,0.75
"US-ID-BCR-09",1998,10,12,427.5,109955,0.75
"US-ID-BCR-09",1999,11,22,453.25,109955,0.75
"US-ID-BCR-09",2000,11,40,478.75,109955,0.75
"US-ID-BCR-09",2001,10,23,470.1,109955,0.75
"US-ID-BCR-09",2002,11,14,509.85,109955,0.75
"US-ID-BCR-09",2003,11,16,531.95,109955,0.75
"US-ID-BCR-09",2004,11,15,535.75,109955,0.75
"US-ID-BCR-09",2005,11,16,698,109955,0.75
"US-ID-BCR-09",2006,12,16,603.5,109955,0.75
"US-ID-BCR-09",2007,11,8,480,109955,0.75
"US-ID-BCR-09",2008,12,20,622.25,109955,0.75
"US-ID-BCR-09",2009,12,13,549,109955,0.75
"US-ID-BCR-09",2010,11,11,566.25,109955,0.75
"US-ID-BCR-09",2011,11,10,520.25,109955,0.75
"US-ID-BCR-09",2012,12,12,631.1,109955,0.75
"US-ID-BCR-09",2013,14,25,679.62,109955,0.75
"US-ID-BCR-09",2014,14,27,756.33,109955,0.75
"US-ID-BCR-09",2015,14,37,724.3,109955,0.75
"US-ID-BCR-09",2016,14,13,628,109955,0.75
"US-ID-BCR-09",2017,14,19,653.3,109955,0.75
"US-ID-BCR-09",2018,14,13,659.05,109955,0.75
"US-ID-BCR-09",2019,13,24,715.84,109955,0.75
"US-ID-BCR-09",2020,13,14,813.1,109955,0.75
"US-ID-BCR-09",2021,11,27,771.95,109955,0.75
"US-ID-BCR-10",1974,1,15,19,105104,1
"US-ID-BCR-10",1975,1,17,16,105104,1
"US-ID-BCR-10",1977,1,17,27,105104,1
"US-ID-BCR-10",1978,1,8,8,105104,1
"US-ID-BCR-10",1980,1,6,7,105104,1
"US-ID-BCR-10",1981,1,12,27,105104,1
"US-ID-BCR-10",1982,1,6,16,105104,1
"US-ID-BCR-10",1983,1,3,14,105104,1
"US-ID-BCR-10",1984,1,5,9,105104,1
"US-ID-BCR-10",1988,1,0,17.8,105104,1
"US-ID-BCR-10",1989,1,2,19.6,105104,1
"US-ID-BCR-10",1990,1,1,41,105104,1
"US-ID-BCR-10",1991,1,1,33.5,105104,1
"US-ID-BCR-10",1992,3,1,107,105104,1
"US-ID-BCR-10",1993,2,2,66,105104,1
"US-ID-BCR-10",1994,3,1,103,105104,1
"US-ID-BCR-10",1995,2,0,76,105104,1
"US-ID-BCR-10",1996,3,2,119.25,105104,1
"US-ID-BCR-10",1997,2,1,66.5,105104,1
"US-ID-BCR-10",1998,4,2,144.5,105104,1
"US-ID-BCR-10",1999,4,2,119.5,105104,1
"US-ID-BCR-10",2000,4,2,121.5,105104,1
"US-ID-BCR-10",2001,3,3,96.25,105104,1
"US-ID-BCR-10",2002,2,1,80,105104,1
"US-ID-BCR-10",2003,3,1,66,105104,1
"US-ID-BCR-10",2004,2,2,77.5,105104,1
"US-ID-BCR-10",2005,2,0,90,105104,1
"US-ID-BCR-10",2006,2,0,65.5,105104,1
"US-ID-BCR-10",2007,3,1,110,105104,1
"US-ID-BCR-10",2008,4,0,208.25,105104,1
"US-ID-BCR-10",2009,5,15,145,105104,1
"US-ID-BCR-10",2010,5,45,179.25,105104,1
"US-ID-BCR-10",2011,5,36,246.75,105104,1
"US-ID-BCR-10",2012,5,53,147.5,105104,1
"US-ID-BCR-10",2013,6,28,163.75,105104,1
"US-ID-BCR-10",2014,6,37,197.75,105104,1
"US-ID-BCR-10",2015,7,19,282.75,105104,1
"US-ID-BCR-10",2016,7,12,267.55,105104,1
"US-ID-BCR-10",2017,7,18,251,105104,1
"US-ID-BCR-10",2018,7,19,233,105104,1
"US-ID-BCR-10",2019,7,35,250.5,105104,1
"US-ID-BCR-10",2020,7,24,241.7,105104,1
"US-ID-BCR-10",2021,5,22,216.81,105104,1
"US-MT-BCR-10",1966,5,16,115,157297,0.9
"US-MT-BCR-10",1967,5,17,128,157297,0.9
"US-MT-BCR-10",1968,4,11,106,157297,0.9
"US-MT-BCR-10",1969,4,13,122,157297,0.9
"US-MT-BCR-10",1970,5,18,178,157297,0.9
"US-MT-BCR-10",1971,6,24,227,157297,0.9
"US-MT-BCR-10",1972,6,37,221,157297,0.9
"US-MT-BCR-10",1973,6,42,212,157297,0.9
"US-MT-BCR-10",1974,7,26,249,157297,0.9
"US-MT-BCR-10",1975,7,27,263,157297,0.9
"US-MT-BCR-10",1976,9,115,425,157297,0.9
"US-MT-BCR-10",1977,9,119,435.3,157297,0.9
"US-MT-BCR-10",1978,10,110,543.1,157297,0.9
"US-MT-BCR-10",1979,10,98,409,157297,0.9
"US-MT-BCR-10",1980,11,106,516.7,157297,0.9
"US-MT-BCR-10",1981,13,93,539,157297,0.9
"US-MT-BCR-10",1982,13,111,537,157297,0.9
"US-MT-BCR-10",1983,12,102,634,157297,0.9
"US-MT-BCR-10",1984,12,117,518.7,157297,0.9
"US-MT-BCR-10",1985,14,198,610.4,157297,0.9
"US-MT-BCR-10",1986,14,154,577.1,157297,0.9
"US-MT-BCR-10",1987,14,199,646.7,157297,0.9
"US-MT-BCR-10",1988,14,219,672.9,157297,0.9
"US-MT-BCR-10",1989,15,172,765.4,157297,0.9
"US-MT-BCR-10",1990,16,159,739.9,157297,0.9
"US-MT-BCR-10",1991,16,123,680.5,157297,0.9
"US-MT-BCR-10",1992,16,133,773.75,157297,0.9
"US-MT-BCR-10",1993,15,123,634.25,157297,0.9
"US-MT-BCR-10",1994,16,100,860,157297,0.9
"US-MT-BCR-10",1995,18,174,816.25,157297,0.9
"US-MT-BCR-10",1996,15,105,768.75,157297,0.9
"US-MT-BCR-10",1997,17,120,667.25,157297,0.9
"US-MT-BCR-10",1998,18,119,756,157297,0.9
"US-MT-BCR-10",1999,18,117,748,157297,0.9
"US-MT-BCR-10",2000,19,135,879.9,157297,0.9
"US-MT-BCR-10",2001,19,145,811,157297,0.9
"US-MT-BCR-10",2002,21,161,918.2,157297,0.9
"US-MT-BCR-10",2003,20,156,955.28,157297,0.9
"US-MT-BCR-10",2004,20,146,871.75,157297,0.9
"US-MT-BCR-10",2005,20,122,934.75,157297,0.9
"US-MT-BCR-10",2006,20,146,803.75,157297,0.9
"US-MT-BCR-10",2007,20,121,983.25,157297,0.9
"US-MT-BCR-10",2008,19,89,960,157297,0.9
"US-MT-BCR-10",2009,21,82,850.25,157297,0.9
"US-MT-BCR-10",2010,20,142,935.5,157297,0.9
"US-MT-BCR-10",2011,20,137,977.75,157297,0.9
"US-MT-BCR-10",2012,20,117,942.13,157297,0.9
"US-MT-BCR-10",2013,20,110,921.85,157297,0.9
"US-MT-BCR-10",2014,20,156,982.48,157297,0.9
"US-MT-BCR-10",2015,20,113,1086.25,157297,0.9
"US-MT-BCR-10",2016,20,151,965.13,157297,0.9
"US-MT-BCR-10",2017,21,112,983.6,157297,0.9
"US-MT-BCR-10",2018,20,124,990.96,157297,0.9
"US-MT-BCR-10",2019,21,109,1102.32,157297,0.9
"US-MT-BCR-10",2020,21,127,1076.61,157297,0.9
"US-MT-BCR-10",2021,20,134,1280.9,157297,0.9
"US-NM-BCR-16",1966,4,0,145,132710,0.682
"US-NM-BCR-16",1967,3,7,89,132710,0.682
"US-NM-BCR-16",1968,3,1,109,132710,0.682
"US-NM-BCR-16",1969,3,2,104,132710,0.682
"US-NM-BCR-16",1970,3,0,72,132710,0.682
"US-NM-BCR-16",1971,2,4,53,132710,0.682
"US-NM-BCR-16",1972,3,4,82,132710,0.682
"US-NM-BCR-16",1973,4,3,158,132710,0.682
"US-NM-BCR-16",1974,4,1,181.5,132710,0.682
"US-NM-BCR-16",1975,4,2,164.5,132710,0.682
"US-NM-BCR-16",1976,4,3,145,132710,0.682
"US-NM-BCR-16",1977,4,4,151.5,132710,0.682
"US-NM-BCR-16",1978,4,4,159,132710,0.682
"US-NM-BCR-16",1979,4,3,143.8,132710,0.682
"US-NM-BCR-16",1980,4,2,155.8,132710,0.682
"US-NM-BCR-16",1981,4,0,131.9,132710,0.682
"US-NM-BCR-16",1982,4,6,145,132710,0.682
"US-NM-BCR-16",1983,5,12,202.5,132710,0.682
"US-NM-BCR-16",1984,5,10,181.6,132710,0.682
"US-NM-BCR-16",1985,5,2,209.6,132710,0.682
"US-NM-BCR-16",1986,5,6,209,132710,0.682
"US-NM-BCR-16",1987,4,12,235,132710,0.682
"US-NM-BCR-16",1988,5,10,195.5,132710,0.682
"US-NM-BCR-16",1989,5,4,217.3,132710,0.682
"US-NM-BCR-16",1990,5,10,259,132710,0.682
"US-NM-BCR-16",1991,5,1,235.5,132710,0.682
"US-NM-BCR-16",1992,5,2,269,132710,0.682
"US-NM-BCR-16",1993,5,5,229,132710,0.682
"US-NM-BCR-16",1994,5,4,266.75,132710,0.682
"US-NM-BCR-16",1995,5,7,259,132710,0.682
"US-NM-BCR-16",1996,4,7,198.5,132710,0.682
"US-NM-BCR-16",1997,5,3,303.5,132710,0.682
"US-NM-BCR-16",1998,6,18,253,132710,0.682
"US-NM-BCR-16",1999,7,10,293,132710,0.682
"US-NM-BCR-16",2000,7,23,337.5,132710,0.682
"US-NM-BCR-16",2001,7,19,319,132710,0.682
"US-NM-BCR-16",2002,9,17,404,132710,0.682
"US-NM-BCR-16",2003,9,17,455.5,132710,0.682
"US-NM-BCR-16",2004,9,20,423.75,132710,0.682
"US-NM-BCR-16",2005,10,11,450.75,132710,0.682
"US-NM-BCR-16",2006,10,27,476.75,132710,0.682
"US-NM-BCR-16",2007,9,8,440.25,132710,0.682
"US-NM-BCR-16",2008,10,13,410.5,132710,0.682
"US-NM-BCR-16",2009,9,8,318.5,132710,0.682
"US-NM-BCR-16",2010,8,5,349.5,132710,0.682
"US-NM-BCR-16",2011,7,6,330.5,132710,0.682
"US-NM-BCR-16",2012,8,11,388.45,132710,0.682
"US-NM-BCR-16",2013,8,8,350.75,132710,0.682
"US-NM-BCR-16",2014,8,9,330,132710,0.682
"US-NM-BCR-16",2015,8,7,411.05,132710,0.682
"US-NM-BCR-16",2016,9,10,347.5,132710,0.682
"US-NM-BCR-16",2017,9,4,431.4,132710,0.682
"US-NM-BCR-16",2018,11,11,456.66,132710,0.682
"US-NM-BCR-16",2019,12,10,542.04,132710,0.682
"US-NM-BCR-16",2020,12,12,542.24,132710,0.682
"US-NM-BCR-16",2021,9,12,520.65,132710,0.682
"US-NV-BCR-09",1966,2,0,24,246672,0.588
"US-NV-BCR-09",1967,2,0,45,246672,0.588
"US-NV-BCR-09",1968,2,1,49,246672,0.588
"US-NV-BCR-09",1969,2,0,75,246672,0.588
"US-NV-BCR-09",1970,2,0,116,246672,0.588
"US-NV-BCR-09",1971,1,1,58,246672,0.588
"US-NV-BCR-09",1972,2,3,89,246672,0.588
"US-NV-BCR-09",1973,2,5,104,246672,0.588
"US-NV-BCR-09",1974,2,3,110,246672,0.588
"US-NV-BCR-09",1975,2,4,114,246672,0.588
"US-NV-BCR-09",1976,1,3,72,246672,0.588
"US-NV-BCR-09",1977,1,2,32,246672,0.588
"US-NV-BCR-09",1978,2,3,35,246672,0.588
"US-NV-BCR-09",1979,2,0,26.3,246672,0.588
"US-NV-BCR-09",1980,1,0,23.5,246672,0.588
"US-NV-BCR-09",1981,2,4,78,246672,0.588
"US-NV-BCR-09",1982,2,3,82,246672,0.588
"US-NV-BCR-09",1983,2,2,98.9,246672,0.588
"US-NV-BCR-09",1984,3,1,149,246672,0.588
"US-NV-BCR-09",1985,3,3,134,246672,0.588
"US-NV-BCR-09",1986,3,2,132.4,246672,0.588
"US-NV-BCR-09",1987,3,2,114.9,246672,0.588
"US-NV-BCR-09",1988,2,1,287.3,246672,0.588
"US-NV-BCR-09",1989,3,2,369.8,246672,0.588
"US-NV-BCR-09",1990,3,1,136.4,246672,0.588
"US-NV-BCR-09",1991,3,3,137.75,246672,0.588
"US-NV-BCR-09",1992,3,1,161.25,246672,0.588
"US-NV-BCR-09",1993,3,3,158.25,246672,0.588
"US-NV-BCR-09",1994,3,2,160.25,246672,0.588
"US-NV-BCR-09",1995,3,2,146.25,246672,0.588
"US-NV-BCR-09",1996,3,0,117.5,246672,0.588
"US-NV-BCR-09",1997,3,0,106.5,246672,0.588
"US-NV-BCR-09",1998,4,4,156,246672,0.588
"US-NV-BCR-09",1999,4,5,164,246672,0.588
"US-NV-BCR-09",2000,4,8,195,246672,0.588
"US-NV-BCR-09",2001,4,4,214.25,246672,0.588
"US-NV-BCR-09",2002,4,8,260.75,246672,0.588
"US-NV-BCR-09",2003,5,3,194.4,246672,0.588
"US-NV-BCR-09",2004,5,10,212,246672,0.588
"US-NV-BCR-09",2005,5,11,220,246672,0.588
"US-NV-BCR-09",2006,5,9,209.25,246672,0.588
"US-NV-BCR-09",2007,5,6,256.25,246672,0.588
"US-NV-BCR-09",2008,5,5,208,246672,0.588
"US-NV-BCR-09",2009,5,5,183.75,246672,0.588
"US-NV-BCR-09",2010,6,12,296.75,246672,0.588
"US-NV-BCR-09",2011,6,5,251.75,246672,0.588
"US-NV-BCR-09",2012,6,9,344.85,246672,0.588
"US-NV-BCR-09",2013,6,3,205.15,246672,0.588
"US-NV-BCR-09",2014,5,5,255.28,246672,0.588
"US-NV-BCR-09",2015,5,5,237.5,246672,0.588
"US-NV-BCR-09",2016,5,8,230.3,246672,0.588
"US-NV-BCR-09",2017,5,4,248.75,246672,0.588
"US-NV-BCR-09",2018,5,4,290.5,246672,0.588
"US-NV-BCR-09",2019,5,5,241.25,246672,0.588
"US-NV-BCR-09",2020,5,6,360.9,246672,0.588
"US-NV-BCR-09",2021,5,5,359.1,246672,0.588
"US-OR-BCR-05",1966,4,1,284,81900,0.692
"US-OR-BCR-05",1967,4,1,381,81900,0.692
"US-OR-BCR-05",1968,5,3,406,81900,0.692
"US-OR-BCR-05",1969,5,5,406,81900,0.692
"US-OR-BCR-05",1970,6,9,563,81900,0.692
"US-OR-BCR-05",1971,6,12,559,81900,0.692
"US-OR-BCR-05",1972,8,26,772,81900,0.692
"US-OR-BCR-05",1973,8,18,610,81900,0.692
"US-OR-BCR-05",1974,8,26,643,81900,0.692
"US-OR-BCR-05",1975,10,33,728.5,81900,0.692
"US-OR-BCR-05",1976,10,62,857,81900,0.692
"US-OR-BCR-05",1977,11,59,853,81900,0.692
"US-OR-BCR-05",1978,11,34,894.5,81900,0.692
"US-OR-BCR-05",1979,10,37,687.4,81900,0.692
"US-OR-BCR-05",1980,11,30,839.3,81900,0.692
"US-OR-BCR-05",1981,12,30,870.3,81900,0.692
"US-OR-BCR-05",1982,11,22,851.6,81900,0.692
"US-OR-BCR-05",1983,11,29,917.1,81900,0.692
"US-OR-BCR-05",1984,13,20,1047.4,81900,0.692
"US-OR-BCR-05",1985,13,33,1057.3,81900,0.692
"US-OR-BCR-05",1986,13,52,1022,81900,0.692
"US-OR-BCR-05",1987,13,20,1142,81900,0.692
"US-OR-BCR-05",1988,10,31,852.3,81900,0.692
"US-OR-BCR-05",1989,12,43,1047.1,81900,0.692
"US-OR-BCR-05",1990,11,21,982.5,81900,0.692
"US-OR-BCR-05",1991,12,27,1012,81900,0.692
"US-OR-BCR-05",1992,14,22,1169.25,81900,0.692
"US-OR-BCR-05",1993,14,20,1248.75,81900,0.692
"US-OR-BCR-05",1994,15,16,1144.75,81900,0.692
"US-OR-BCR-05",1995,14,18,1209.25,81900,0.692
"US-OR-BCR-05",1996,13,9,1387.25,81900,0.692
"US-OR-BCR-05",1997,15,12,1570.75,81900,0.692
"US-OR-BCR-05",1998,15,27,1353.25,81900,0.692
"US-OR-BCR-05",1999,16,23,1304.55,81900,0.692
"US-OR-BCR-05",2000,16,20,1240,81900,0.692
"US-OR-BCR-05",2001,17,44,1323.35,81900,0.692
"US-OR-BCR-05",2002,16,28,1319,81900,0.692
"US-OR-BCR-05",2003,15,28,1478.5,81900,0.692
"US-OR-BCR-05",2004,17,28,994.5,81900,0.692
"US-OR-BCR-05",2005,17,51,1473.25,81900,0.692
"US-OR-BCR-05",2006,17,15,1382,81900,0.692
"US-OR-BCR-05",2007,18,26,1561.2,81900,0.692
"US-OR-BCR-05",2008,18,24,1578,81900,0.692
"US-OR-BCR-05",2009,16,16,1256.75,81900,0.692
"US-OR-BCR-05",2010,18,46,1588.25,81900,0.692
"US-OR-BCR-05",2011,18,42,1649.5,81900,0.692
"US-OR-BCR-05",2012,18,51,1548.45,81900,0.692
"US-OR-BCR-05",2013,16,30,1508.85,81900,0.692
"US-OR-BCR-05",2014,20,103,1862.85,81900,0.692
"US-OR-BCR-05",2015,19,38,1671.7,81900,0.692
"US-OR-BCR-05",2016,18,38,1646.38,81900,0.692
"US-OR-BCR-05",2017,18,39,1622.33,81900,0.692
"US-OR-BCR-05",2018,18,33,1681.19,81900,0.692
"US-OR-BCR-05",2019,19,33,1793.4,81900,0.692
"US-OR-BCR-05",2020,18,40,1777.05,81900,0.692
"US-OR-BCR-05",2021,13,8,1733.93,81900,0.692
"US-OR-BCR-09",1966,1,2,24,115148,0.636
"US-OR-BCR-09",1967,1,2,27,115148,0.636
"US-OR-BCR-09",1968,2,3,91,115148,0.636
"US-OR-BCR-09",1969,2,7,70,115148,0.636
"US-OR-BCR-09",1970,3,1,188,115148,0.636
"US-OR-BCR-09",1971,3,5,209,115148,0.636
"US-OR-BCR-09",1972,2,2,50,115148,0.636
"US-OR-BCR-09",1973,3,5,115,115148,0.636
"US-OR-BCR-09",1974,4,7,166,115148,0.636
"US-OR-BCR-09",1975,4,16,173.5,115148,0.636
"US-OR-BCR-09",1976,4,7,176.1,115148,0.636
"US-OR-BCR-09",1977,4,11,198.5,115148,0.636
"US-OR-BCR-09",1978,4,3,170.5,115148,0.636
"US-OR-BCR-09",1979,6,27,287.6,115148,0.636
"US-OR-BCR-09",1980,6,14,281.7,115148,0.636
"US-OR-BCR-09",1981,6,19,285.5,115148,0.636
"US-OR-BCR-09",1982,6,18,287.4,115148,0.636
"US-OR-BCR-09",1983,6,18,258.5,115148,0.636
"US-OR-BCR-09",1984,5,11,288.5,115148,0.636
"US-OR-BCR-09",1985,6,12,305.5,115148,0.636
"US-OR-BCR-09",1986,6,16,335.5,115148,0.636
"US-OR-BCR-09",1987,7,32,273.5,115148,0.636
"US-OR-BCR-09",1988,8,23,396.1,115148,0.636
"US-OR-BCR-09",1989,7,37,312.8,115148,0.636
"US-OR-BCR-09",1990,7,25,284.6,115148,0.636
"US-OR-BCR-09",1991,7,30,294.5,115148,0.636
"US-OR-BCR-09",1992,7,33,344.25,115148,0.636
"US-OR-BCR-09",1993,8,19,311,115148,0.636
"US-OR-BCR-09",1994,7,32,386.5,115148,0.636
"US-OR-BCR-09",1995,6,28,251,115148,0.636
"US-OR-BCR-09",1996,6,32,214.5,115148,0.636
"US-OR-BCR-09",1997,7,23,267.25,115148,0.636
"US-OR-BCR-09",1998,7,16,280,115148,0.636
"US-OR-BCR-09",1999,7,31,312.5,115148,0.636
"US-OR-BCR-09",2000,7,16,232.75,115148,0.636
"US-OR-BCR-09",2001,7,9,242.25,115148,0.636
"US-OR-BCR-09",2002,8,31,335.4,115148,0.636
"US-OR-BCR-09",2003,8,20,359.58,115148,0.636
"US-OR-BCR-09",2004,8,20,372.25,115148,0.636
"US-OR-BCR-09",2005,8,28,386.75,115148,0.636
"US-OR-BCR-09",2006,8,14,294.75,115148,0.636
"US-OR-BCR-09",2007,6,21,245.75,115148,0.636
"US-OR-BCR-09",2008,6,14,282.25,115148,0.636
"US-OR-BCR-09",2009,7,19,290.5,115148,0.636
"US-OR-BCR-09",2010,6,12,261.5,115148,0.636
"US-OR-BCR-09",2011,8,22,345.75,115148,0.636
"US-OR-BCR-09",2012,8,22,317.5,115148,0.636
"US-OR-BCR-09",2013,9,16,333.5,115148,0.636
"US-OR-BCR-09",2014,9,22,436.5,115148,0.636
"US-OR-BCR-09",2015,8,13,367.4,115148,0.636
"US-OR-BCR-09",2016,8,21,354.5,115148,0.636
"US-OR-BCR-09",2017,9,20,346.3,115148,0.636
"US-OR-BCR-09",2018,9,24,400.9,115148,0.636
"US-OR-BCR-09",2019,9,18,400.25,115148,0.636
"US-OR-BCR-09",2020,9,18,404.15,115148,0.636
"US-OR-BCR-09",2021,6,20,297.3,115148,0.636
"US-OR-BCR-10",1966,2,0,36,53755,1
"US-OR-BCR-10",1967,2,0,32,53755,1
"US-OR-BCR-10",1968,2,1,41,53755,1
"US-OR-BCR-10",1969,1,0,8,53755,1
"US-OR-BCR-10",1970,2,2,47,53755,1
"US-OR-BCR-10",1971,2,3,42,53755,1
"US-OR-BCR-10",1972,2,0,26,53755,1
"US-OR-BCR-10",1973,2,1,42,53755,1
"US-OR-BCR-10",1974,2,6,41,53755,1
"US-OR-BCR-10",1975,2,5,32,53755,1
"US-OR-BCR-10",1976,3,2,66,53755,1
"US-OR-BCR-10",1977,4,10,123.5,53755,1
"US-OR-BCR-10",1978,4,2,220,53755,1
"US-OR-BCR-10",1979,3,2,124.5,53755,1
"US-OR-BCR-10",1980,4,3,141,53755,1
"US-OR-BCR-10",1981,4,8,137,53755,1
"US-OR-BCR-10",1982,3,3,106,53755,1
"US-OR-BCR-10",1983,5,6,158,53755,1
"US-OR-BCR-10",1984,5,6,179,53755,1
"US-OR-BCR-10",1985,5,17,158,53755,1
"US-OR-BCR-10",1986,4,8,129.1,53755,1
"US-OR-BCR-10",1987,5,8,219,53755,1
"US-OR-BCR-10",1988,5,6,162.6,53755,1
"US-OR-BCR-10",1989,4,9,124.1,53755,1
"US-OR-BCR-10",1990,4,4,140,53755,1
"US-OR-BCR-10",1991,5,18,160.5,53755,1
"US-OR-BCR-10",1992,5,12,199,53755,1
"US-OR-BCR-10",1993,5,15,193.5,53755,1
"US-OR-BCR-10",1994,5,8,202.75,53755,1
"US-OR-BCR-10",1995,5,10,188.5,53755,1
"US-OR-BCR-10",1996,5,5,196.5,53755,1
"US-OR-BCR-10",1997,5,5,158.25,53755,1
"US-OR-BCR-10",1998,5,9,183.25,53755,1
"US-OR-BCR-10",1999,5,13,180,53755,1
"US-OR-BCR-10",2000,4,7,133,53755,1
"US-OR-BCR-10",2001,6,21,192.8,53755,1
"US-OR-BCR-10",2002,6,13,192.9,53755,1
"US-OR-BCR-10",2003,6,12,182.3,53755,1
"US-OR-BCR-10",2004,6,11,181.5,53755,1
"US-OR-BCR-10",2005,6,7,224,53755,1
"US-OR-BCR-10",2006,6,22,208.5,53755,1
"US-OR-BCR-10",2007,6,15,204.75,53755,1
"US-OR-BCR-10",2008,6,11,168.75,53755,1
"US-OR-BCR-10",2009,6,3,164.75,53755,1
"US-OR-BCR-10",2010,6,17,197.5,53755,1
"US-OR-BCR-10",2011,6,8,224.25,53755,1
"US-OR-BCR-10",2012,6,16,229.01,53755,1
"US-OR-BCR-10",2013,4,24,158.68,53755,1
"US-OR-BCR-10",2014,6,17,193,53755,1
"US-OR-BCR-10",2015,6,14,204.03,53755,1
"US-OR-BCR-10",2016,7,14,222.92,53755,1
"US-OR-BCR-10",2017,7,10,214.17,53755,1
"US-OR-BCR-10",2018,7,11,205.75,53755,1
"US-OR-BCR-10",2019,7,13,238.45,53755,1
"US-OR-BCR-10",2020,6,5,200.5,53755,1
"US-OR-BCR-10",2021,4,7,180.1,53755,1
"US-SD-BCR-17",1966,1,0,48,103597,0.25
"US-SD-BCR-17",1967,1,1,56,103597,0.25
"US-SD-BCR-17",1968,1,0,51,103597,0.25
"US-SD-BCR-17",1969,1,1,49,103597,0.25
"US-SD-BCR-17",1970,1,0,59,103597,0.25
"US-SD-BCR-17",1971,1,1,65,103597,0.25
"US-SD-BCR-17",1972,1,1,46,103597,0.25
"US-SD-BCR-17",1973,1,0,62,103597,0.25
"US-SD-BCR-17",1974,1,1,67,103597,0.25
"US-SD-BCR-17",1975,1,2,80,103597,0.25
"US-SD-BCR-17",1976,1,0,78,103597,0.25
"US-SD-BCR-17",1977,2,1,92.5,103597,0.25
"US-SD-BCR-17",1978,2,1,92.5,103597,0.25
"US-SD-BCR-17",1979,2,1,116.6,103597,0.25
"US-SD-BCR-17",1980,2,1,99,103597,0.25
"US-SD-BCR-17",1981,2,1,123.5,103597,0.25
"US-SD-BCR-17",1982,2,0,101,103597,0.25
"US-SD-BCR-17",1983,2,2,95,103597,0.25
"US-SD-BCR-17",1984,2,0,101,103597,0.25
"US-SD-BCR-17",1985,2,3,89.5,103597,0.25
"US-SD-BCR-17",1986,2,0,81,103597,0.25
"US-SD-BCR-17",1987,2,1,113.5,103597,0.25
"US-SD-BCR-17",1988,2,1,134.1,103597,0.25
"US-SD-BCR-17",1989,2,0,109.5,103597,0.25
"US-SD-BCR-17",1990,2,0,122.8,103597,0.25
"US-SD-BCR-17",1991,2,0,103,103597,0.25
"US-SD-BCR-17",1992,2,3,113.5,103597,0.25
"US-SD-BCR-17",1993,2,1,102.5,103597,0.25
"US-SD-BCR-17",1994,2,0,148.5,103597,0.25
"US-SD-BCR-17",1995,2,1,86.5,103597,0.25
"US-SD-BCR-17",1996,2,4,104,103597,0.25
"US-SD-BCR-17",1997,2,2,70.75,103597,0.25
"US-SD-BCR-17",1998,2,0,91,103597,0.25
"US-SD-BCR-17",1999,2,2,77.75,103597,0.25
"US-SD-BCR-17",2000,2,2,77.75,103597,0.25
"US-SD-BCR-17",2001,2,2,67.25,103597,0.25
"US-SD-BCR-17",2002,2,2,68.5,103597,0.25
"US-SD-BCR-17",2003,2,3,78,103597,0.25
"US-SD-BCR-17",2004,2,1,103.5,103597,0.25
"US-SD-BCR-17",2005,2,0,93,103597,0.25
"US-SD-BCR-17",2006,2,0,68.5,103597,0.25
"US-SD-BCR-17",2007,2,0,99.25,103597,0.25
"US-SD-BCR-17",2008,2,1,93.5,103597,0.25
"US-SD-BCR-17",2009,2,1,90,103597,0.25
"US-SD-BCR-17",2010,2,2,91.25,103597,0.25
"US-SD-BCR-17",2011,2,2,89.75,103597,0.25
"US-SD-BCR-17",2012,2,2,103.25,103597,0.25
"US-SD-BCR-17",2013,2,1,107.5,103597,0.25
"US-SD-BCR-17",2014,2,1,87.75,103597,0.25
"US-SD-BCR-17",2015,2,2,141.05,103597,0.25
"US-SD-BCR-17",2016,2,1,83.78,103597,0.25
"US-SD-BCR-17",2017,2,2,83,103597,0.25
"US-SD-BCR-17",2018,2,1,73,103597,0.25
"US-SD-BCR-17",2019,2,2,64.17,103597,0.25
"US-SD-BCR-17",2020,2,3,88.25,103597,0.25
"US-SD-BCR-17",2021,2,1,116,103597,0.25
"US-UT-BCR-09",1966,2,7,93,80690,0.538
"US-UT-BCR-09",1967,2,24,84,80690,0.538
"US-UT-BCR-09",1968,2,9,99,80690,0.538
"US-UT-BCR-09",1969,2,2,99,80690,0.538
"US-UT-BCR-09",1970,2,5,76,80690,0.538
"US-UT-BCR-09",1971,2,3,92,80690,0.538
"US-UT-BCR-09",1972,1,6,84,80690,0.538
"US-UT-BCR-09",1973,3,5,131,80690,0.538
"US-UT-BCR-09",1974,3,10,147,80690,0.538
"US-UT-BCR-09",1975,3,8,146,80690,0.538
"US-UT-BCR-09",1976,3,12,157.1,80690,0.538
"US-UT-BCR-09",1977,3,21,245,80690,0.538
"US-UT-BCR-09",1978,3,14,231,80690,0.538
"US-UT-BCR-09",1979,3,21,239,80690,0.538
"US-UT-BCR-09",1980,3,12,240,80690,0.538
"US-UT-BCR-09",1981,4,14,316.5,80690,0.538
"US-UT-BCR-09",1982,4,19,280.5,80690,0.538
"US-UT-BCR-09",1983,4,14,283.9,80690,0.538
"US-UT-BCR-09",1984,4,21,345,80690,0.538
"US-UT-BCR-09",1985,4,15,324,80690,0.538
"US-UT-BCR-09",1986,4,30,286.3,80690,0.538
"US-UT-BCR-09",1987,4,24,356.3,80690,0.538
"US-UT-BCR-09",1988,4,43,372.5,80690,0.538
"US-UT-BCR-09",1989,4,26,396.3,80690,0.538
"US-UT-BCR-09",1990,4,40,422.5,80690,0.538
"US-UT-BCR-09",1991,4,32,382,80690,0.538
"US-UT-BCR-09",1992,4,41,383,80690,0.538
"US-UT-BCR-09",1993,4,40,398,80690,0.538
"US-UT-BCR-09",1994,4,31,385.5,80690,0.538
"US-UT-BCR-09",1995,3,27,286.5,80690,0.538
"US-UT-BCR-09",1996,4,63,405.25,80690,0.538
"US-UT-BCR-09",1997,4,23,382.25,80690,0.538
"US-UT-BCR-09",1998,4,20,430.5,80690,0.538
"US-UT-BCR-09",1999,4,29,421,80690,0.538
"US-UT-BCR-09",2000,4,18,391,80690,0.538
"US-UT-BCR-09",2001,4,23,415.75,80690,0.538
"US-UT-BCR-09",2002,4,16,385.75,80690,0.538
"US-UT-BCR-09",2003,4,29,408,80690,0.538
"US-UT-BCR-09",2004,3,23,313,80690,0.538
"US-UT-BCR-09",2005,4,16,405.5,80690,0.538
"US-UT-BCR-09",2006,4,17,407.5,80690,0.538
"US-UT-BCR-09",2007,4,15,428.25,80690,0.538
"US-UT-BCR-09",2008,4,19,457.25,80690,0.538
"US-UT-BCR-09",2009,4,14,294.75,80690,0.538
"US-UT-BCR-09",2010,5,17,448.25,80690,0.538
"US-UT-BCR-09",2011,5,28,420,80690,0.538
"US-UT-BCR-09",2012,5,19,526.75,80690,0.538
"US-UT-BCR-09",2013,5,28,463.95,80690,0.538
"US-UT-BCR-09",2014,5,24,503.2,80690,0.538
"US-UT-BCR-09",2015,5,38,498.95,80690,0.538
"US-UT-BCR-09",2016,5,21,546.08,80690,0.538
"US-UT-BCR-09",2017,5,22,463.81,80690,0.538
"US-UT-BCR-09",2018,5,21,448.14,80690,0.538
"US-UT-BCR-09",2019,5,24,432.73,80690,0.538
"US-UT-BCR-09",2020,5,27,439.15,80690,0.538
"US-UT-BCR-09",2021,5,26,558.71,80690,0.538
"US-UT-BCR-16",1966,2,6,61,130773,0.526
"US-UT-BCR-16",1967,2,8,43,130773,0.526
"US-UT-BCR-16",1968,2,3,32,130773,0.526
"US-UT-BCR-16",1970,2,0,46,130773,0.526
"US-UT-BCR-16",1971,1,2,21,130773,0.526
"US-UT-BCR-16",1972,2,6,51,130773,0.526
"US-UT-BCR-16",1973,3,12,69,130773,0.526
"US-UT-BCR-16",1974,2,8,83,130773,0.526
"US-UT-BCR-16",1975,1,5,42,130773,0.526
"US-UT-BCR-16",1976,1,2,38.5,130773,0.526
"US-UT-BCR-16",1977,2,3,86,130773,0.526
"US-UT-BCR-16",1978,2,12,80,130773,0.526
"US-UT-BCR-16",1979,2,9,112,130773,0.526
"US-UT-BCR-16",1980,2,9,107.5,130773,0.526
"US-UT-BCR-16",1981,2,8,120.5,130773,0.526
"US-UT-BCR-16",1982,2,9,112.3,130773,0.526
"US-UT-BCR-16",1983,2,6,103,130773,0.526
"US-UT-BCR-16",1984,2,4,120,130773,0.526
"US-UT-BCR-16",1985,3,3,134,130773,0.526
"US-UT-BCR-16",1986,3,7,133,130773,0.526
"US-UT-BCR-16",1987,3,10,161.6,130773,0.526
"US-UT-BCR-16",1988,3,24,145.6,130773,0.526
"US-UT-BCR-16",1989,3,10,189.1,130773,0.526
"US-UT-BCR-16",1990,3,22,170.8,130773,0.526
"US-UT-BCR-16",1991,3,18,163,130773,0.526
"US-UT-BCR-16",1992,4,28,280.5,130773,0.526
"US-UT-BCR-16",1993,3,12,172.5,130773,0.526
"US-UT-BCR-16",1994,4,20,219.5,130773,0.526
"US-UT-BCR-16",1995,3,16,229.25,130773,0.526
"US-UT-BCR-16",1996,3,13,176.5,130773,0.526
"US-UT-BCR-16",1997,4,33,273.75,130773,0.526
"US-UT-BCR-16",1998,4,18,273,130773,0.526
"US-UT-BCR-16",1999,3,17,261.25,130773,0.526
"US-UT-BCR-16",2000,4,20,311.75,130773,0.526
"US-UT-BCR-16",2001,5,17,368.2,130773,0.526
"US-UT-BCR-16",2002,5,19,313.45,130773,0.526
"US-UT-BCR-16",2003,5,10,285.4,130773,0.526
"US-UT-BCR-16",2004,5,9,550.5,130773,0.526
"US-UT-BCR-16",2005,5,9,510.5,130773,0.526
"US-UT-BCR-16",2006,5,12,785.5,130773,0.526
"US-UT-BCR-16",2007,5,12,572,130773,0.526
"US-UT-BCR-16",2008,5,13,503.5,130773,0.526
"US-UT-BCR-16",2009,6,8,586.75,130773,0.526
"US-UT-BCR-16",2010,6,9,519.25,130773,0.526
"US-UT-BCR-16",2011,6,10,307.25,130773,0.526
"US-UT-BCR-16",2012,7,46,363.8,130773,0.526
"US-UT-BCR-16",2013,5,16,346.05,130773,0.526
"US-UT-BCR-16",2014,6,14,359.35,130773,0.526
"US-UT-BCR-16",2015,7,16,323.55,130773,0.526
"US-UT-BCR-16",2016,7,17,334.2,130773,0.526
"US-UT-BCR-16",2017,8,18,357.06,130773,0.526
"US-UT-BCR-16",2018,7,11,457.35,130773,0.526
"US-UT-BCR-16",2019,8,33,576.15,130773,0.526
"US-UT-BCR-16",2020,8,19,587,130773,0.526
"US-UT-BCR-16",2021,7,11,356.79,130773,0.526
"US-WA-BCR-05",1966,1,0,88,54539,0.706
"US-WA-BCR-05",1967,1,0,91,54539,0.706
"US-WA-BCR-05",1968,2,0,120,54539,0.706
"US-WA-BCR-05",1969,2,0,104,54539,0.706
"US-WA-BCR-05",1970,3,1,248,54539,0.706
"US-WA-BCR-05",1971,3,0,287,54539,0.706
"US-WA-BCR-05",1972,3,1,314,54539,0.706
"US-WA-BCR-05",1973,4,2,389,54539,0.706
"US-WA-BCR-05",1974,6,3,628,54539,0.706
"US-WA-BCR-05",1975,7,3,723,54539,0.706
"US-WA-BCR-05",1976,6,4,760,54539,0.706
"US-WA-BCR-05",1977,7,6,793,54539,0.706
"US-WA-BCR-05",1978,8,14,801,54539,0.706
"US-WA-BCR-05",1979,9,9,815,54539,0.706
"US-WA-BCR-05",1980,10,7,920,54539,0.706
"US-WA-BCR-05",1981,11,9,1127,54539,0.706
"US-WA-BCR-05",1982,11,9,1016,54539,0.706
"US-WA-BCR-05",1983,12,15,1470.3,54539,0.706
"US-WA-BCR-05",1984,11,15,1044.3,57027,0.706
"US-WA-BCR-05",1985,12,10,1105.1,56819,0.706
"US-WA-BCR-05",1986,13,25,1388.6,56644,0.706
"US-WA-BCR-05",1987,13,14,1301.5,56644,0.706
"US-WA-BCR-05",1988,13,21,1585.7,56644,0.706
"US-WA-BCR-05",1989,13,18,1436.3,56644,0.706
"US-WA-BCR-05",1990,12,18,1353.2,56819,0.706
"US-WA-BCR-05",1991,9,7,1061.25,57580,0.706
"US-WA-BCR-05",1992,12,11,1502.25,56819,0.706
"US-WA-BCR-05",1993,13,19,1478.75,56644,0.706
"US-WA-BCR-05",1994,13,15,1531.75,56644,0.706
"US-WA-BCR-05",1995,13,10,1471,56644,0.706
"US-WA-BCR-05",1996,13,18,1753,56644,0.706
"US-WA-BCR-05",1997,13,13,1641.25,56644,0.706
"US-WA-BCR-05",1998,13,14,1800,56644,0.706
"US-WA-BCR-05",1999,14,12,1750.2,58448,0.706
"US-WA-BCR-05",2000,17,15,2073.5,57758,0.706
"US-WA-BCR-05",2001,16,21,2066.8,57960,0.706
"US-WA-BCR-05",2002,17,26,1962,57758,0.706
"US-WA-BCR-05",2003,17,16,2026.43,57758,0.706
"US-WA-BCR-05",2004,16,20,1919.75,57960,0.706
"US-WA-BCR-05",2005,17,13,2242,57758,0.706
"US-WA-BCR-05",2006,17,15,2373.95,57758,0.706
"US-WA-BCR-05",2007,17,14,2155.75,57758,0.706
"US-WA-BCR-05",2008,18,17,2284.5,57580,0.706
"US-WA-BCR-05",2009,17,19,2087.45,57758,0.706
"US-WA-BCR-05",2010,16,32,1951,57960,0.706
"US-WA-BCR-05",2011,17,29,1986.75,57758,0.706
"US-WA-BCR-05",2012,17,34,1989.7,57758,0.706
"US-WA-BCR-05",2013,16,27,1919.15,57960,0.706
"US-WA-BCR-05",2014,17,72,2401.45,57758,0.706
"US-WA-BCR-05",2015,17,26,2287.1,57758,0.706
"US-WA-BCR-05",2016,17,27,2397.1,57758,0.706
"US-WA-BCR-05",2017,18,39,2234.6,57580,0.706
"US-WA-BCR-05",2018,18,38,2441.82,57580,0.706
"US-WA-BCR-05",2019,18,27,2099,57580,0.706
"US-WA-BCR-05",2020,18,30,2505.8,57580,0.706
"US-WA-BCR-05",2021,15,19,2018.25,58188,0.706
"US-WA-BCR-09",1966,1,0,32,99158,0.85
"US-WA-BCR-09",1967,1,4,24,99158,0.85
"US-WA-BCR-09",1968,1,2,32,99158,0.85
"US-WA-BCR-09",1970,2,4,64,99158,0.85
"US-WA-BCR-09",1971,3,4,76,99158,0.85
"US-WA-BCR-09",1972,2,4,67,99158,0.85
"US-WA-BCR-09",1973,2,1,117,99158,0.85
"US-WA-BCR-09",1974,3,2,174,99158,0.85
"US-WA-BCR-09",1975,3,5,173,99158,0.85
"US-WA-BCR-09",1976,3,5,218,99158,0.85
"US-WA-BCR-09",1977,3,3,166.5,99158,0.85
"US-WA-BCR-09",1978,3,2,150,99158,0.85
"US-WA-BCR-09",1979,4,5,243.6,99158,0.85
"US-WA-BCR-09",1980,4,3,184.1,99158,0.85
"US-WA-BCR-09",1981,4,2,172.6,99158,0.85
"US-WA-BCR-09",1982,4,6,184.3,99158,0.85
"US-WA-BCR-09",1983,4,8,174.1,99158,0.85
"US-WA-BCR-09",1984,4,10,301.3,99158,0.85
"US-WA-BCR-09",1985,4,13,194.5,99158,0.85
"US-WA-BCR-09",1986,4,21,214,99158,0.85
"US-WA-BCR-09",1987,4,12,230.1,99158,0.85
"US-WA-BCR-09",1988,4,16,370.6,99158,0.85
"US-WA-BCR-09",1989,6,36,322.6,99158,0.85
"US-WA-BCR-09",1990,7,53,325.1,99158,0.85
"US-WA-BCR-09",1991,6,27,315.25,99158,0.85
"US-WA-BCR-09",1992,8,45,368.25,99158,0.85
"US-WA-BCR-09",1993,8,43,396.75,99158,0.85
"US-WA-BCR-09",1994,8,66,459.25,99158,0.85
"US-WA-BCR-09",1995,8,38,336,99158,0.85
"US-WA-BCR-09",1996,9,58,491,99158,0.85
"US-WA-BCR-09",1997,11,43,485,99158,0.85
"US-WA-BCR-09",1998,12,42,669.75,99158,0.85
"US-WA-BCR-09",1999,12,74,604.75,99158,0.85
"US-WA-BCR-09",2000,12,41,645.75,99158,0.85
"US-WA-BCR-09",2001,12,84,633.75,99158,0.85
"US-WA-BCR-09",2002,13,86,709.75,99158,0.85
"US-WA-BCR-09",2003,14,86,741.25,99158,0.85
"US-WA-BCR-09",2004,12,73,639.5,99158,0.85
"US-WA-BCR-09",2005,13,81,622.75,99158,0.85
"US-WA-BCR-09",2006,13,92,689.95,99158,0.85
"US-WA-BCR-09",2007,14,78,783,99158,0.85
"US-WA-BCR-09",2008,14,62,734.5,99158,0.85
"US-WA-BCR-09",2009,12,35,553,99158,0.85
"US-WA-BCR-09",2010,12,53,636.25,99158,0.85
"US-WA-BCR-09",2011,13,73,755.25,99158,0.85
"US-WA-BCR-09",2012,12,91,597.75,99158,0.85
"US-WA-BCR-09",2013,13,53,655.9,99158,0.85
"US-WA-BCR-09",2014,12,89,658.65,99158,0.85
"US-WA-BCR-09",2015,13,62,746.25,99158,0.85
"US-WA-BCR-09",2016,12,64,667.02,99158,0.85
"US-WA-BCR-09",2017,13,72,693.55,99158,0.85
"US-WA-BCR-09",2018,12,58,648.03,99158,0.85
"US-WA-BCR-09",2019,13,66,737.83,99158,0.85
"US-WA-BCR-09",2020,13,76,707.13,99158,0.85
"US-WA-BCR-09",2021,13,70,724.2,99158,0.85
"US-WA-BCR-10",1966,1,14,89,23102,1
"US-WA-BCR-10",1967,1,9,131,23102,1
"US-WA-BCR-10",1968,1,7,120,23102,1
"US-WA-BCR-10",1969,1,2,98,23102,1
"US-WA-BCR-10",1970,1,3,99,23102,1
"US-WA-BCR-10",1971,1,7,122,23102,1
"US-WA-BCR-10",1972,1,4,115,23102,1
"US-WA-BCR-10",1973,1,9,130,23102,1
"US-WA-BCR-10",1974,1,9,122.5,23102,1
"US-WA-BCR-10",1975,1,5,128,23102,1
"US-WA-BCR-10",1976,1,11,116,23102,1
"US-WA-BCR-10",1977,1,6,128,23102,1
"US-WA-BCR-10",1978,1,15,119,23102,1
"US-WA-BCR-10",1979,2,8,152,23102,1
"US-WA-BCR-10",1980,2,14,170.5,23102,1
"US-WA-BCR-10",1981,2,11,186,23102,1
"US-WA-BCR-10",1982,2,17,160.6,23102,1
"US-WA-BCR-10",1983,2,14,169,23102,1
"US-WA-BCR-10",1984,1,13,112,23102,1
"US-WA-BCR-10",1985,2,14,131,23102,1
"US-WA-BCR-10",1986,2,14,147,23102,1
"US-WA-BCR-10",1987,2,18,119,23102,1
"US-WA-BCR-10",1988,2,6,157,23102,1
"US-WA-BCR-10",1989,1,11,139.5,23102,1
"US-WA-BCR-10",1990,1,10,121.3,23102,1
"US-WA-BCR-10",1991,1,4,104.5,23102,1
"US-WA-BCR-10",1992,1,11,168.5,23102,1
"US-WA-BCR-10",1993,1,14,103.25,23102,1
"US-WA-BCR-10",1994,1,16,123.25,23102,1
"US-WA-BCR-10",1995,1,9,150.5,23102,1
"US-WA-BCR-10",1996,1,4,158.25,23102,1
"US-WA-BCR-10",1997,1,3,125.5,23102,1
"US-WA-BCR-10",1998,1,8,120.75,23102,1
"US-WA-BCR-10",1999,1,12,118.25,23102,1
"US-WA-BCR-10",2000,2,20,172.75,23102,1
"US-WA-BCR-10",2001,2,22,233.5,23102,1
"US-WA-BCR-10",2002,2,19,180.25,23102,1
"US-WA-BCR-10",2003,2,15,189.25,23102,1
"US-WA-BCR-10",2004,3,13,223.25,23102,1
"US-WA-BCR-10",2005,3,17,254,23102,1
"US-WA-BCR-10",2006,3,8,234.75,23102,1
"US-WA-BCR-10",2007,3,11,227.25,23102,1
"US-WA-BCR-10",2008,3,12,203.75,23102,1
"US-WA-BCR-10",2009,3,5,182.75,23102,1
"US-WA-BCR-10",2010,3,11,230.75,23102,1
"US-WA-BCR-10",2011,3,14,226.25,23102,1
"US-WA-BCR-10",2012,3,22,261,23102,1
"US-WA-BCR-10",2013,4,7,267.75,23102,1
"US-WA-BCR-10",2014,4,32,251.75,23102,1
"US-WA-BCR-10",2015,4,12,271.05,23102,1
"US-WA-BCR-10",2016,3,12,235.2,23102,1
"US-WA-BCR-10",2017,4,9,265.5,23102,1
"US-WA-BCR-10",2018,4,7,252.2,23102,1
"US-WA-BCR-10",2019,4,8,247.78,23102,1
"US-WA-BCR-10",2020,4,12,258.1,23102,1
"US-WA-BCR-10",2021,3,10,162.8,23102,1
"US-WY-BCR-10",1966,2,16,48,164991,0.889
"US-WY-BCR-10",1967,2,9,52,164991,0.889
"US-WY-BCR-10",1968,1,3,20,164991,0.889
"US-WY-BCR-10",1969,2,18,79,164991,0.889
"US-WY-BCR-10",1970,1,16,34,164991,0.889
"US-WY-BCR-10",1971,2,10,97,164991,0.889
"US-WY-BCR-10",1972,1,3,30,164991,0.889
"US-WY-BCR-10",1973,2,25,49,164991,0.889
"US-WY-BCR-10",1974,5,31,134,164991,0.889
"US-WY-BCR-10",1975,5,41,190.3,164991,0.889
"US-WY-BCR-10",1976,5,39,174.5,164991,0.889
"US-WY-BCR-10",1977,5,81,177.3,164991,0.889
"US-WY-BCR-10",1978,6,59,228,164991,0.889
"US-WY-BCR-10",1979,5,75,206.8,164991,0.889
"US-WY-BCR-10",1980,6,86,292,164991,0.889
"US-WY-BCR-10",1981,6,66,246.5,164991,0.889
"US-WY-BCR-10",1982,7,66,233.5,164991,0.889
"US-WY-BCR-10",1983,9,68,361,147010,0.889
"US-WY-BCR-10",1984,7,35,253.5,141873,0.889
"US-WY-BCR-10",1985,9,58,381.1,147010,0.889
"US-WY-BCR-10",1986,9,45,329,147010,0.889
"US-WY-BCR-10",1987,8,84,361.1,144763,0.889
"US-WY-BCR-10",1988,9,119,402.4,147010,0.889
"US-WY-BCR-10",1989,9,54,432.1,147010,0.889
"US-WY-BCR-10",1990,9,55,393.2,147010,0.889
"US-WY-BCR-10",1991,9,50,414.75,147010,0.889
"US-WY-BCR-10",1992,9,60,445.25,147010,0.889
"US-WY-BCR-10",1993,9,90,442.5,147010,0.889
"US-WY-BCR-10",1994,9,69,439.25,147010,0.889
"US-WY-BCR-10",1995,9,105,347.25,147010,0.889
"US-WY-BCR-10",1996,9,74,423.5,147010,0.889
"US-WY-BCR-10",1997,10,82,394.25,148808,0.889
"US-WY-BCR-10",1998,10,96,460,148808,0.889
"US-WY-BCR-10",1999,9,52,365.7,147010,0.889
"US-WY-BCR-10",2000,9,65,453.25,147010,0.889
"US-WY-BCR-10",2001,11,118,526.5,150279,0.889
"US-WY-BCR-10",2002,11,55,400.75,150279,0.889
"US-WY-BCR-10",2003,11,75,478,150279,0.889
"US-WY-BCR-10",2004,11,60,451.5,150279,0.889
"US-WY-BCR-10",2005,10,66,518.75,148808,0.889
"US-WY-BCR-10",2006,11,55,497,150279,0.889
"US-WY-BCR-10",2007,11,43,481,150279,0.889
"US-WY-BCR-10",2008,12,73,498.25,151505,0.889
"US-WY-BCR-10",2009,10,51,494,148808,0.889
"US-WY-BCR-10",2010,10,50,441.25,148808,0.889
"US-WY-BCR-10",2011,10,58,409.5,148808,0.889
"US-WY-BCR-10",2012,9,41,452.5,147010,0.889
"US-WY-BCR-10",2013,10,66,475,148808,0.889
"US-WY-BCR-10",2014,10,70,443.75,148808,0.889
"US-WY-BCR-10",2015,9,68,442.1,147010,0.889
"US-WY-BCR-10",2016,10,98,540.75,148808,0.889
"US-WY-BCR-10",2017,10,33,463.5,148808,0.889
"US-WY-BCR-10",2018,9,54,468.3,164991,0.889
"US-WY-BCR-10",2019,10,45,359.75,148808,0.889
"US-WY-BCR-10",2020,10,59,433.3,148808,0.889
"US-WY-BCR-10",2021,10,69,415.5,148808,0.889
"US-WY-BCR-17",1966,1,0,29,64440,0.6
"US-WY-BCR-17",1967,1,1,42,64440,0.6
"US-WY-BCR-17",1968,1,0,36,64440,0.6
"US-WY-BCR-17",1969,1,4,32,64440,0.6
"US-WY-BCR-17",1970,2,1,55,64440,0.6
"US-WY-BCR-17",1971,2,1,83,64440,0.6
"US-WY-BCR-17",1972,2,1,83,64440,0.6
"US-WY-BCR-17",1973,2,1,77,64440,0.6
"US-WY-BCR-17",1974,2,0,77,64440,0.6
"US-WY-BCR-17",1975,2,0,83,64440,0.6
"US-WY-BCR-17",1976,2,3,79.5,64440,0.6
"US-WY-BCR-17",1977,1,0,60.5,64440,0.6
"US-WY-BCR-17",1978,2,2,91.5,64440,0.6
"US-WY-BCR-17",1979,2,1,99.3,64440,0.6
"US-WY-BCR-17",1980,2,1,90,64440,0.6
"US-WY-BCR-17",1981,2,0,94,64440,0.6
"US-WY-BCR-17",1982,2,1,83.8,64440,0.6
"US-WY-BCR-17",1983,2,3,68,64440,0.6
"US-WY-BCR-17",1984,2,2,70.3,64440,0.6
"US-WY-BCR-17",1985,2,0,79.1,64440,0.6
"US-WY-BCR-17",1986,2,2,82.6,64440,0.6
"US-WY-BCR-17",1987,3,2,127.3,64440,0.6
"US-WY-BCR-17",1988,3,6,133.6,64440,0.6
"US-WY-BCR-17",1989,3,5,156.3,64440,0.6
"US-WY-BCR-17",1990,3,2,102.9,64440,0.6
"US-WY-BCR-17",1991,3,1,134,64440,0.6
"US-WY-BCR-17",1992,3,2,139,64440,0.6
"US-WY-BCR-17",1993,3,4,119.5,64440,0.6
"US-WY-BCR-17",1994,3,2,136.25,64440,0.6
"US-WY-BCR-17",1995,3,3,123,64440,0.6
"US-WY-BCR-17",1996,3,3,130,64440,0.6
"US-WY-BCR-17",1997,3,2,149,64440,0.6
"US-WY-BCR-17",1998,3,6,158.25,64440,0.6
"US-WY-BCR-17",1999,3,6,156.75,64440,0.6
"US-WY-BCR-17",2000,3,3,155.25,64440,0.6
"US-WY-BCR-17",2001,3,3,158.5,64440,0.6
"US-WY-BCR-17",2002,3,7,141.3,64440,0.6
"US-WY-BCR-17",2003,3,2,150,64440,0.6
"US-WY-BCR-17",2004,3,3,126,64440,0.6
"US-WY-BCR-17",2005,3,5,160,64440,0.6
"US-WY-BCR-17",2006,3,1,167.25,64440,0.6
"US-WY-BCR-17",2007,3,8,170.5,64440,0.6
"US-WY-BCR-17",2008,3,4,175.5,64440,0.6
"US-WY-BCR-17",2009,3,1,138.75,64440,0.6
"US-WY-BCR-17",2010,3,4,217.5,64440,0.6
"US-WY-BCR-17",2011,3,1,150.5,64440,0.6
"US-WY-BCR-17",2012,3,1,163.25,64440,0.6
"US-WY-BCR-17",2013,3,4,162,64440,0.6
"US-WY-BCR-17",2014,3,4,151.95,64440,0.6
"US-WY-BCR-17",2015,3,4,162.66,64440,0.6
"US-WY-BCR-17",2016,3,3,156.64,64440,0.6
"US-WY-BCR-17",2017,3,2,151,64440,0.6
"US-WY-BCR-17",2018,3,2,162,64440,0.6
"US-WY-BCR-17",2019,3,4,180.8,64440,0.6
"US-WY-BCR-17",2020,3,7,165.25,64440,0.6
"US-WY-BCR-17",2021,3,10,166.5,64440,0.6
